,Unnamed: 0,ID,TYPE,DECLARATION,PROJECT,FILE
0,0,0,uint8_t,data,libobs,obs-avc.c
1,1,1,size_t,size,libobs,obs-avc.c
2,2,2,uint8_t,p,libobs,obs-avc.c
3,3,3,uint8_t,end,libobs,obs-avc.c
4,4,4,uint8_t,nal_start,libobs,obs-avc.c
5,5,5,bool,is_keyframe,libobs,obs-avc.c
6,6,6,int,priority,libobs,obs-avc.c
7,7,7,,s,libobs,obs-avc.c
12,12,12,,avc_packet,libobs,obs-avc.c
13,13,13,,src,libobs,obs-avc.c
14,14,14,,packet,libobs,obs-avc.c
18,18,18,uint8_t,sps,libobs,obs-avc.c
19,19,19,size_t,sps_size,libobs,obs-avc.c
20,20,20,uint8_t,pps,libobs,obs-avc.c
21,21,21,size_t,pps_size,libobs,obs-avc.c
22,22,22,uint8_t,header,libobs,obs-avc.c
27,27,27,uint8_t,new_packet_data,libobs,obs-avc.c
28,28,28,size_t,new_packet_size,libobs,obs-avc.c
29,29,29,uint8_t,header_data,libobs,obs-avc.c
30,30,30,size_t,header_size,libobs,obs-avc.c
31,31,31,uint8_t,sei_data,libobs,obs-avc.c
32,32,32,size_t,sei_size,libobs,obs-avc.c
33,33,33,,vi,libobs,obs.c
34,34,34,,ovi,libobs,obs.c
35,35,35,,video,libobs,obs.c
38,38,38,size_t,i,libobs,obs.c
40,40,40,gs_effect_t,effect,libobs,obs.c
41,41,41,char,file,libobs,obs.c
44,44,44,,info,libobs,obs.c
51,51,51,,ai,libobs,obs.c
52,52,52,void,view,libobs,obs.c
53,53,53,void,unused,libobs,obs.c
54,54,54,,locale,libobs,obs.c
55,55,55,void,module_config_path,libobs,obs.c
56,56,56,void,store,libobs,obs.c
58,58,58,,path,libobs,obs.c
63,63,63,void,argc,libobs,obs.c
64,64,64,void,argv,libobs,obs.c
66,66,66,char,width,libobs,obs.c
67,67,67,profiler_name_store_t,height,libobs,obs.c
69,69,69,char,oai,libobs,obs.c
72,72,72,char,sdr_white_level,libobs,obs.c
73,73,73,profiler_name_store_t,hdr_nominal_peak_level,libobs,obs.c
75,75,75,char,idx,libobs,obs.c
76,76,76,void,id,libobs,obs.c
81,81,81,char,unversioned_id,libobs,obs.c
93,93,93,,channel,libobs,obs.c
95,95,95,char,source,libobs,obs.c
96,96,96,size_t,param,libobs,obs.c
98,98,98,size_t,pstart,libobs,obs.c
99,99,99,char,mutex,libobs,obs.c
100,100,100,char,proc,libobs,obs.c
110,110,110,size_t,vfirst,libobs,obs.c
111,111,111,char,name,libobs,obs.c
113,113,113,void,ptable,libobs,obs.c
114,114,114,void,uuid,libobs,obs.c
116,116,116,uint32_t,ref,libobs,obs.c
129,129,129,void,src_c,libobs,obs.c
130,130,130,void,dest_c,libobs,obs.c
131,131,131,void,src_a,libobs,obs.c
132,132,132,void,dest_a,libobs,obs.c
133,133,133,void,volume,libobs,obs.c
134,134,134,char,source_data,libobs,obs.c
135,135,135,pthread_mutex_t,is_private,libobs,obs.c
138,138,138,pthread_mutex_t,array,libobs,obs.c
139,139,139,void,cb,libobs,obs.c
140,140,140,void,private_data,libobs,obs.c
147,147,147,char,private,libobs,obs.c
148,148,148,char,context,libobs,obs.c
149,149,149,char,type,libobs,obs.c
150,150,150,char,settings,libobs,obs.c
153,153,153,void,hotkey_data,libobs,obs.c
164,164,164,void,object,libobs,obs.c
165,165,165,obs_data_t,destroy,libobs,obs.c
168,168,168,obs_data_t,pfirst,libobs,obs.c
169,169,169,obs_data_array_t,phash,libobs,obs.c
176,176,176,obs_source_t,pfirst_uuid,libobs,obs.c
179,179,179,bool,phead,libobs,obs.c
181,181,181,,puuid_head,libobs,obs.c
188,188,188,,obj,libobs,obs.c
203,203,203,,v,libobs,obs.c
205,205,205,void,conversion,libobs,obs.c
206,206,206,,frame_rate_divisor,libobs,obs.c
216,216,216,char,mix_idx,libobs,obs.c
218,218,218,char,callback,libobs,obs.c
225,225,225,void,encoder,libobs,obs.c
231,231,231,char,task,libobs,obs.c
233,233,233,char,wait,libobs,obs.c
235,235,235,void,handler,libobs,obs.c
238,238,238,void,weak,libobs,obs.c
245,245,245,,protocol,libobs,obs.c
267,267,267,char,f,libobs,obs-source.c
272,272,272,uint32_t,ver,libobs,obs-source.c
289,289,289,obs_hotkey_t,key,libobs,obs-source.c
290,290,290,bool,pressed,libobs,obs-source.c
310,310,310,uint32_t,last_obs_ver,libobs,obs-source.c
325,325,325,obs_source_t,dst,libobs,obs-source.c
333,333,333,obs_source_t,filter,libobs,obs-source.c
337,337,337,char,new_name,libobs,obs-source.c
338,338,338,bool,create_private,libobs,obs-source.c
339,339,339,,frame,libobs,obs-source.c
340,340,340,,format,libobs,obs-source.c
365,365,365,char,new_path,libobs,obs-source.c
379,379,379,,event,libobs,obs-source.c
381,381,381,bool,mouse_up,libobs,obs-source.c
382,382,382,uint32_t,click_count,libobs,obs-source.c
385,385,385,bool,mouse_leave,libobs,obs-source.c
388,388,388,int,x_delta,libobs,obs-source.c
389,389,389,int,y_delta,libobs,obs-source.c
391,391,391,bool,focus,libobs,obs-source.c
394,394,394,bool,key_up,libobs,obs-source.c
397,397,397,bool,centered,libobs,obs-source.c
402,402,402,obs_source_t,parent,libobs,obs-source.c
403,403,403,obs_source_t,child,libobs,obs-source.c
419,419,419,,ref_frame,libobs,obs-source.c
423,423,423,float,seconds,libobs,obs-source.c
424,424,424,size_t,sample_rate,libobs,obs-source.c
425,425,425,size_t,frames,libobs,obs-source.c
427,427,427,uint64_t,duration,libobs,obs-source.c
429,429,429,uint64_t,timestamp,libobs,obs-source.c
430,430,430,uint64_t,os_time,libobs,obs-source.c
434,434,434,uint64_t,expected,libobs,obs-source.c
435,435,435,uint64_t,ts,libobs,obs-source.c
436,436,436,uint64_t,diff,libobs,obs-source.c
439,439,439,,in,libobs,obs-source.c
440,440,440,bool,muted,libobs,obs-source.c
441,441,441,uint64_t,ts1,libobs,obs-source.c
442,442,442,uint64_t,ts2,libobs,obs-source.c
443,443,443,audio_t,audio,libobs,obs-source.c
444,444,444,uint64_t,offset,libobs,obs-source.c
454,454,454,bool,full_range,libobs,obs-source.c
455,455,455,uint8_t,trc,libobs,obs-source.c
505,505,505,float,val,libobs,obs-source.c
511,511,511,gs_texrender_t,texrender,libobs,obs-source.c
514,514,514,gs_texture_t,tex,libobs,obs-source.c
527,527,527,long,rotation,libobs,obs-source.c
546,546,546,size_t,count,libobs,obs-source.c
547,547,547,,preferred_spaces,libobs,obs-source.c
562,562,562,size_t,cur_idx,libobs,obs-source.c
569,569,569,,movement,libobs,obs-source.c
577,577,577,size_t,index,libobs,obs-source.c
586,586,586,uint32_t,plane,libobs,obs-source.c
587,587,587,uint32_t,y,libobs,obs-source.c
591,591,591,uint32_t,lines,libobs,obs-source.c
611,611,611,,captions,libobs,obs-source.c
644,644,644,float,balance,libobs,obs-source.c
649,649,649,,audio_in,libobs,obs-source.c
653,653,653,uint64_t,sys_time,libobs,obs-source.c
666,666,666,obs_source_t,target,libobs,obs-source.c
668,668,668,char,tech_name,libobs,obs-source.c
676,676,676,uint32_t,filter_flags,libobs,obs-source.c
677,677,677,uint32_t,parent_flags,libobs,obs-source.c
678,678,678,,allow_direct,libobs,obs-source.c
679,679,679,,space,libobs,obs-source.c
709,709,709,obs_source_enum_proc_t,enum_callback,libobs,obs-source.c
734,734,734,uint32_t,flags,libobs,obs-source.c
739,739,739,uint32_t,mixers,libobs,obs-source.c
741,741,741,,color_matrix,libobs,obs-source.c
742,742,742,,color_range_min,libobs,obs-source.c
743,743,743,,color_range_max,libobs,obs-source.c
744,744,744,gs_texture_t,texture,libobs,obs-source.c
745,745,745,int,x,libobs,obs-source.c
747,747,747,uint32_t,cx,libobs,obs-source.c
748,748,748,uint32_t,cy,libobs,obs-source.c
749,749,749,bool,flip,libobs,obs-source.c
758,758,758,bool,hidden,libobs,obs-source.c
765,765,765,bool,enabled,libobs,obs-source.c
770,770,770,char,signal,libobs,obs-source.c
774,774,774,uint64_t,delay,libobs,obs-source.c
791,791,791,size_t,mix,libobs,obs-source.c
792,792,792,size_t,channels,libobs,obs-source.c
793,793,793,float,vol,libobs,obs-source.c
797,797,797,float,vol_data,libobs,obs-source.c
799,799,799,,action,libobs,obs-source.c
844,844,844,bool,unbuffered,libobs,obs-source.c
848,848,848,bool,decouple,libobs,obs-source.c
851,851,851,bool,enable,libobs,obs-source.c
857,857,857,bool,active,libobs,obs-source.c
862,862,862,bool,pause,libobs,obs-source.c
870,870,870,int64_t,ms,libobs,obs-source.c
887,887,887,,hevc_packet,libobs,obs-hevc.c
899,899,899,HMODULE,module,libobs,obs-win-crash-handler.c
900,900,900,char,func,libobs,obs-win-crash-handler.c
902,902,902,,trace,libobs,obs-win-crash-handler.c
906,906,906,PCTSTR,module_name,libobs,obs-win-crash-handler.c
907,907,907,DWORD64,module_base,libobs,obs-win-crash-handler.c
908,908,908,ULONG,module_size,libobs,obs-win-crash-handler.c
919,919,919,HANDLE,thread,libobs,obs-win-crash-handler.c
923,923,923,THREADENTRY32,entry,libobs,obs-win-crash-handler.c
924,924,924,bool,first_thread,libobs,obs-win-crash-handler.c
928,928,928,PEXCEPTION_POINTERS,exception,libobs,obs-win-crash-handler.c
940,940,940,size_t,mixer_idx,libobs,obs-encoder.c
959,959,959,bool,shutdown,libobs,obs-encoder.c
974,974,974,uint8_t,extra_data,libobs,obs-encoder.c
981,981,981,char,reroute_id,libobs,obs-encoder.c
1000,1000,1000,char,input,mpv-master,chmap.c
1001,1001,1001,char,expected_selection,mpv-master,chmap.c
1002,1002,1002,char,layouts,mpv-master,chmap.c
1003,1003,1003,AVChannelLayout,av_layout,mpv-master,chmap.c
1004,1004,1004,,mp_layout,mpv-master,chmap.c
1005,1005,1005,bool,require_default_unspec,mpv-master,chmap.c
1006,1006,1006,void,pctx,mpv-master,scale_sws.c
1010,1010,1010,int,imgfmt_dst,mpv-master,scale_sws.c
1011,1011,1011,int,imgfmt_src,mpv-master,scale_sws.c
1013,1013,1013,int,status,mpv-master,libmpv_test.c
1014,1014,1014,char,property,mpv-master,libmpv_test.c
1015,1015,1015,double,expect,mpv-master,libmpv_test.c
1032,1032,1032,void,a,mpv-master,img_utils.c
1033,1033,1033,void,b,mpv-master,img_utils.c
1034,1034,1034,int,w,mpv-master,scale_test.c
1035,1035,1035,int,h,mpv-master,scale_test.c
1036,1036,1036,int,bytes,mpv-master,scale_test.c
1037,1037,1037,bool,rgb,mpv-master,scale_test.c
1038,1038,1038,bool,alpha,mpv-master,scale_test.c
1039,1039,1039,,stest,mpv-master,scale_test.c
1041,1041,1041,,img,mpv-master,scale_test.c
1045,1045,1045,,new,mpv-master,scale_test.c
1050,1050,1050,int,line,mpv-master,paths.c
1053,1053,1053,char,c,mpv-master,paths.c
1056,1056,1056,bool,abs,mpv-master,paths.c
1070,1070,1070,double,tolerance,mpv-master,test_utils.c
1071,1071,1071,char,outdir,mpv-master,test_utils.c
1075,1075,1075,char,refdir,mpv-master,test_utils.c
1079,1079,1079,char,err,mpv-master,test_utils.c
1080,1080,1080,uint8_t,d,mpv-master,test_utils.c
1087,1087,1087,,log,mpv-master,test_utils.c
1088,1088,1088,int,lev,mpv-master,test_utils.c
1094,1094,1094,void,wstream,mpv-master,test_utils.c
1096,1096,1096,va_list,args,mpv-master,test_utils.c
1098,1098,1098,bstr,str,mpv-master,test_utils.c
1099,1099,1099,void,handle,mpv-master,test_utils.c
1100,1100,1100,AVDictionary,dict,mpv-master,test_utils.c
1101,1101,1101,char,kv,mpv-master,test_utils.c
1102,1102,1102,void,talloc_ctx,mpv-master,test_utils.c
1105,1105,1105,,item,mpv-master,linked_list.c
1106,1106,1106,,lst,mpv-master,linked_list.c
1108,1108,1108,int,num_c,mpv-master,linked_list.c
1109,1109,1109,int,imgfmt,mpv-master,repack.c
1113,1113,1113,int,not_if_fmt,mpv-master,repack.c
1115,1115,1115,,csp,mpv-master,repack.c
1116,1116,1116,,levels,mpv-master,repack.c
1122,1122,1122,,env,mpv-master,jni.c
1123,1123,1123,JNIEnv,string,mpv-master,jni.c
1126,1126,1126,JNIEnv,utf_chars,mpv-master,jni.c
1130,1130,1130,jthrowable,error,mpv-master,jni.c
1133,1133,1133,JNIEnv,logging,mpv-master,jni.c
1136,1136,1136,JNIEnv,jfields,mpv-master,jni.c
1137,1137,1137,void,jfields_mapping,mpv-master,jni.c
1138,1138,1138,,global,mpv-master,jni.c
1149,1149,1149,bstr,root,mpv-master,path_utils.c
1152,1152,1152,,p1,mpv-master,path_utils.c
1153,1153,1153,,p2,mpv-master,path_utils.c
1164,1164,1164,bstr,out_url,mpv-master,path_utils.c
1165,1165,1165,char,dir,mpv-master,path_utils.c
1167,1167,1167,void,ta_parent,mpv-master,dispatch.c
1168,1168,1168,,queue,mpv-master,dispatch.c
1169,1169,1169,void,wakeup_ctx,mpv-master,dispatch.c
1171,1171,1171,void,onlock_ctx,mpv-master,dispatch.c
1175,1175,1175,mp_dispatch_fn,fn,mpv-master,dispatch.c
1176,1176,1176,void,fn_data,mpv-master,dispatch.c
1190,1190,1190,double,timeout,mpv-master,dispatch.c
1193,1193,1193,int64_t,until,mpv-master,dispatch.c
1196,1196,1196,void,arg,mpv-master,thread_pool.c
1197,1197,1197,void,ctx,mpv-master,thread_pool.c
1198,1198,1198,,pool,mpv-master,thread_pool.c
1200,1200,1200,int,init_threads,mpv-master,thread_pool.c
1201,1201,1201,int,min_threads,mpv-master,thread_pool.c
1202,1202,1202,int,max_threads,mpv-master,thread_pool.c
1204,1204,1204,void,fn_ctx,mpv-master,thread_pool.c
1205,1205,1205,bool,allow_queue,mpv-master,thread_pool.c
1223,1223,1223,int,max_depth,mpv-master,json.c
1231,1231,1231,bstr,indent,mpv-master,json.c
1242,1242,1242,char,user_cp,mpv-master,charset_conv.c
1244,1244,1244,bstr,buf,mpv-master,charset_conv.c
1255,1255,1255,char,cp,mpv-master,charset_conv.c
1257,1257,1257,char,template,mpv-master,io_utils.c
1258,1258,1258,int,suffixlen,mpv-master,io_utils.c
1260,1260,1260,char,filepath,mpv-master,io_utils.c
1263,1263,1263,,str1,mpv-master,bstr.c
1264,1264,1264,,str2,mpv-master,bstr.c
1272,1272,1272,char,reject,mpv-master,bstr.c
1274,1274,1274,char,accept,mpv-master,bstr.c
1275,1275,1275,,haystack,mpv-master,bstr.c
1276,1276,1276,,needle,mpv-master,bstr.c
1280,1280,1280,char,sep,mpv-master,bstr.c
1281,1281,1281,,rest,mpv-master,bstr.c
1283,1283,1283,char,tok,mpv-master,bstr.c
1284,1284,1284,bstr,out_left,mpv-master,bstr.c
1285,1285,1285,bstr,out_right,mpv-master,bstr.c
1287,1287,1287,int,start,mpv-master,bstr.c
1291,1291,1291,int,base,mpv-master,bstr.c
1299,1299,1299,,prefix,mpv-master,bstr.c
1307,1307,1307,,out_next,mpv-master,bstr.c
1315,1315,1315,bstr,append_min,mpv-master,bstr.c
1318,1318,1318,bstr,append,mpv-master,bstr.c
1321,1321,1321,bstr,fmt,mpv-master,bstr.c
1325,1325,1325,char,ap,mpv-master,bstr.c
1329,1329,1329,,suffix,mpv-master,bstr.c
1334,1334,1334,char,hex,mpv-master,bstr.c
1335,1335,1335,void,out,mpv-master,bstr.c
1338,1338,1338,void,ret,mpv-master,bstr.c
1372,1372,1372,void,k,mpv-master,language.c
1373,1373,1373,char,lang,mpv-master,language.c
1375,1375,1375,char,l1,mpv-master,language.c
1376,1376,1376,size_t,s1,mpv-master,language.c
1377,1377,1377,char,l2,mpv-master,language.c
1378,1378,1378,size_t,s2,mpv-master,language.c
1381,1381,1381,,waiter,mpv-master,thread_tools.c
1383,1383,1383,uintptr_t,value,mpv-master,thread_tools.c
1396,1396,1396,,slave,mpv-master,thread_tools.c
1401,1401,1401,AVUUID,uu,mpv-master,uuid.c
1403,1403,1403,char,in_start,mpv-master,uuid.c
1404,1404,1404,char,in_end,mpv-master,uuid.c
1410,1410,1410,void,tag,mpv-master,rendezvous.c
1415,1415,1415,uint64_t,seed,mpv-master,random.c
1416,1416,1416,char,name1,mpv-master,natural_sort.c
1417,1417,1417,char,name2,mpv-master,natural_sort.c
1424,1424,1424,size_t,n,mpv-master,ta_talloc.c
1438,1438,1438,void,ptr,mpv-master,ta.c
1458,1458,1458,void,loc,mpv-master,ta.c
1466,1466,1466,size_t,element_size,mpv-master,ta_utils.c
1468,1468,1468,size_t,nextidx,mpv-master,ta_utils.c
1476,1476,1476,size_t,at,mpv-master,ta_utils.c
1478,1478,1478,size_t,append_len,mpv-master,ta_utils.c
1524,1524,1524,stream_t,stream,mpv-master,stream_null.c
1526,1526,1526,char,url,mpv-master,stream.c
1529,1529,1529,char,ok,mpv-master,stream.c
1531,1531,1531,char,proto,mpv-master,stream.c
1536,1536,1536,int,len,mpv-master,stream.c
1537,1537,1537,int,pos,mpv-master,stream.c
1539,1539,1539,int,keep,mpv-master,stream.c
1541,1541,1541,stream_info_t,sinfo,mpv-master,stream.c
1550,1550,1550,char,filename,mpv-master,stream.c
1556,1556,1556,int,forward,mpv-master,stream.c
1559,1559,1559,int,buf_size,mpv-master,stream.c
1562,1562,1562,void,mem,mpv-master,stream.c
1563,1563,1563,int,total,mpv-master,stream.c
1565,1565,1565,int,forward_size,mpv-master,stream.c
1576,1576,1576,int64_t,newpos,mpv-master,stream.c
1582,1582,1582,int,cmd,mpv-master,stream.c
1589,1589,1589,int,max_size,mpv-master,stream.c
1602,1602,1602,,arch,mpv-master,stream_libarchive.c
1603,1603,1603,void,priv,mpv-master,stream_libarchive.c
1604,1604,1604,void,buffer,mpv-master,stream_libarchive.c
1608,1608,1608,int,whence,mpv-master,stream_libarchive.c
1611,1611,1611,int64_t,request,mpv-master,stream_libarchive.c
1617,1617,1617,,mpa,mpv-master,stream_libarchive.c
1619,1619,1619,int,r,mpv-master,stream_libarchive.c
1638,1638,1638,int,max_volumes,mpv-master,stream_libarchive.c
1647,1647,1647,int,max_len,mpv-master,stream_libarchive.c
1660,1660,1660,int,cur,mpv-master,stream_concat.c
1666,1666,1666,,streams,mpv-master,stream_concat.c
1667,1667,1667,int,num_streams,mpv-master,stream_concat.c
1668,1668,1668,unsigned,delsys,mpv-master,dvb_tune.c
1669,1669,1669,int,fe_fd,mpv-master,dvb_tune.c
1672,1672,1672,dvb_priv_t,adapter,mpv-master,dvb_tune.c
1673,1673,1673,unsigned,frontend,mpv-master,dvb_tune.c
1674,1674,1674,int,demux_cnt,mpv-master,dvb_tune.c
1676,1676,1676,int,cnt,mpv-master,dvb_tune.c
1678,1678,1678,int,fd,mpv-master,dvb_tune.c
1679,1679,1679,dvb_priv_t,pid,mpv-master,dvb_tune.c
1680,1680,1680,unsigned,pestype,mpv-master,dvb_tune.c
1682,1682,1682,dvb_priv_t,devno,mpv-master,dvb_tune.c
1683,1683,1683,int,service_id,mpv-master,dvb_tune.c
1685,1685,1685,dmx_pes_type_t,festatus,mpv-master,dvb_tune.c
1687,1687,1687,int,fd_frontend,mpv-master,dvb_tune.c
1688,1688,1688,int,tmout,mpv-master,dvb_tune.c
1692,1692,1692,int,t,mpv-master,dvb_tune.c
1694,1694,1694,int,secfd,mpv-master,dvb_tune.c
1695,1695,1695,fe_sec_voltage_t,sat_no,mpv-master,dvb_tune.c
1696,1696,1696,,polv,mpv-master,dvb_tune.c
1697,1697,1697,fe_sec_tone_mode_t,hi_lo,mpv-master,dvb_tune.c
1701,1701,1701,int,cmdseq,mpv-master,dvb_tune.c
1705,1705,1705,unsigned,freq,mpv-master,dvb_tune.c
1706,1706,1706,int,srate,mpv-master,dvb_tune.c
1707,1707,1707,,pol,mpv-master,dvb_tune.c
1708,1708,1708,dvb_priv_t,stream_id,mpv-master,dvb_tune.c
1709,1709,1709,int,specInv,mpv-master,dvb_tune.c
1710,1710,1710,unsigned,diseqc,mpv-master,dvb_tune.c
1711,1711,1711,int,modulation,mpv-master,dvb_tune.c
1712,1712,1712,unsigned,HP_CodeRate,mpv-master,dvb_tune.c
1713,1713,1713,int,TransmissionMode,mpv-master,dvb_tune.c
1714,1714,1714,unsigned,guardInterval,mpv-master,dvb_tune.c
1715,1715,1715,int,bandwidth,mpv-master,dvb_tune.c
1716,1716,1716,char,LP_CodeRate,mpv-master,dvb_tune.c
1717,1717,1717,int,hier,mpv-master,dvb_tune.c
1730,1730,1730,unsigned,bandWidth,mpv-master,dvb_tune.c
1747,1747,1747,char,device,mpv-master,stream_dvdnav.c
1748,1748,1748,unsigned,speed,mpv-master,stream_dvdnav.c
1750,1750,1750,char,ext,mpv-master,stream_dvdnav.c
1751,1751,1751,char,sig,mpv-master,stream_dvdnav.c
1753,1753,1753,int,aid,mpv-master,stream_dvdnav.c
1755,1755,1755,int,sid,mpv-master,stream_dvdnav.c
1771,1771,1771,char,cr,mpv-master,stream_dvb.c
1772,1772,1772,char,modstring,mpv-master,stream_dvb.c
1773,1773,1773,char,vdr_par_str,mpv-master,stream_dvb.c
1779,1779,1779,char,pid_string,mpv-master,stream_dvb.c
1782,1782,1782,dvb_channels_list_t,list_add,mpv-master,stream_dvb.c
1783,1783,1783,int,cfg_full_transponder,mpv-master,stream_dvb.c
1787,1787,1787,int,delsys_mask,mpv-master,stream_dvb.c
1799,1799,1799,int,progname,mpv-master,stream_dvb.c
1849,1849,1849,char,target_fmt,mpv-master,stream_lavf.c
1857,1857,1857,int,track,mpv-master,stream_cdda.c
1860,1860,1860,long,inpos,mpv-master,stream_cdda.c
1861,1861,1861,int,function,mpv-master,stream_cdda.c
1869,1869,1869,cdda_priv,sector,mpv-master,stream_cdda.c
1873,1873,1873,int,st,mpv-master,stream_cdda.c
1897,1897,1897,int,playlist,mpv-master,stream_bluray.c
1899,1899,1899,int,title,mpv-master,stream_bluray.c
1902,1902,1902,BD_EVENT,ev,mpv-master,stream_bluray.c
1912,1912,1912,int,title_guess,mpv-master,stream_bluray.c
1919,1919,1919,char,list,mpv-master,external_files.c
1920,1920,1920,MPOpts,opts,mpv-master,external_files.c
1922,1922,1922,bstr,fname,mpv-master,external_files.c
1930,1930,1930,int,fn_start,mpv-master,external_files.c
1935,1935,1935,,slist,mpv-master,external_files.c
1936,1936,1936,int,nsub,mpv-master,external_files.c
1939,1939,1939,int,limit_fuzziness,mpv-master,external_files.c
1940,1940,1940,int,limit_type,mpv-master,external_files.c
1948,1948,1948,int,nsubs,mpv-master,external_files.c
1950,1950,1950,char,paths,mpv-master,external_files.c
1951,1951,1951,char,cfg_path,mpv-master,external_files.c
1956,1956,1956,,mpctx,mpv-master,audio.c
1959,1959,1959,double,db,mpv-master,audio.c
1964,1964,1964,,ao_c,mpv-master,audio.c
1970,1970,1970,size_t,buf_sz,mpv-master,audio.c
1971,1971,1971,int,rate,mpv-master,audio.c
1974,1974,1974,,old,mpv-master,audio.c
1977,1977,1977,,ao,mpv-master,audio.c
1990,1990,1990,double,pts,mpv-master,audio.c
1994,1994,1994,lua_State,L,mpv-master,lua.c
1996,1996,1996,void,ud,mpv-master,lua.c
2001,2001,2001,int,job,redis,bio.c
2002,2002,2002,bio_job,free_fn,redis,bio.c
2003,2003,2003,lazy_free_fn,arg_count,redis,bio.c
2005,2005,2005,int,need_fsync,redis,bio.c
2006,2006,2006,int,need_reclaim_cache,redis,bio.c
2015,2015,2015,int,job_type,redis,bio.c
2016,2016,2016,ConnectionType,ct,redis,connection.c
2017,2017,2017,void,typename,redis,connection.c
2022,2022,2022,void,dbid,redis,lazyfree.c
2027,2027,2027,robj,tracking,redis,lazyfree.c
2028,2028,2028,int,lua_scripts,redis,lazyfree.c
2029,2029,2029,redisDb,lua,redis,lazyfree.c
2030,2030,2030,rax,functions_lib_ctx,redis,lazyfree.c
2031,2031,2031,dict,blocks,redis,lazyfree.c
2044,2044,2044,int,use_tls,redis,cluster_legacy.c
2047,2047,2047,void,length,redis,cluster_legacy.c
2070,2070,2070,char,do_fsync,redis,cluster_legacy.c
2073,2073,2073,char,announced_tcp_port,redis,cluster_legacy.c
2074,2074,2074,int,announced_tls_port,redis,cluster_legacy.c
2075,2075,2075,int,announced_cport,redis,cluster_legacy.c
2076,2076,2076,int,node,redis,cluster_legacy.c
2081,2081,2081,char,shard_id,redis,cluster_legacy.c
2082,2082,2082,clusterNode,hard,redis,cluster_legacy.c
2084,2084,2084,clusterNode,msglen,redis,cluster_legacy.c
2087,2087,2087,void,link,redis,cluster_legacy.c
2090,2090,2090,int,conn,redis,cluster_legacy.c
2091,2091,2091,int,el,redis,cluster_legacy.c
2093,2093,2093,void,privdata,redis,cluster_legacy.c
2094,2094,2094,clusterNode,mask,redis,cluster_legacy.c
2095,2095,2095,clusterLink,nodename,redis,cluster_legacy.c
2097,2097,2097,clusterLink,failing,redis,cluster_legacy.c
2098,2098,2098,connection,sender,redis,cluster_legacy.c
2103,2103,2103,void,master,redis,cluster_legacy.c
2110,2110,2110,clusterNode,delnode,redis,cluster_legacy.c
2121,2121,2121,int,nodeid,redis,cluster_legacy.c
2124,2124,2124,char,ip,redis,cluster_legacy.c
2125,2125,2125,char,port,redis,cluster_legacy.c
2126,2126,2126,clusterNode,cport,redis,cluster_legacy.c
2130,2130,2130,clusterNode,hdr,redis,cluster_legacy.c
2131,2131,2131,void,tls_port,redis,cluster_legacy.c
2132,2132,2132,clusterNode,tcp_port,redis,cluster_legacy.c
2133,2133,2133,char,g,redis,cluster_legacy.c
2136,2136,2136,char,gossip_msg,redis,cluster_legacy.c
2143,2143,2143,int,announced_ip,redis,cluster_legacy.c
2149,2149,2149,clusterMsgDataGossip,senderConfigEpoch,redis,cluster_legacy.c
2150,2150,2150,uint16_t,slots,redis,cluster_legacy.c
2155,2155,2155,char,dataSize,redis,cluster_legacy.c
2161,2161,2161,uint64_t,gossipcount,redis,cluster_legacy.c
2172,2172,2172,void,msgblock,redis,cluster_legacy.c
2184,2184,2184,clusterLink,message,redis,cluster_legacy.c
2190,2190,2190,clusterMsgSendBlock,module_id,redis,cluster_legacy.c
2192,2192,2192,int,payload,redis,cluster_legacy.c
2201,2201,2201,robj,sharded,redis,cluster_legacy.c
2206,2206,2206,clusterLink,reason,redis,cluster_legacy.c
2207,2207,2207,uint64_t,max_slaves,redis,cluster_legacy.c
2209,2209,2209,char,handshake_timeout,redis,cluster_legacy.c
2210,2210,2210,uint32_t,now,redis,cluster_legacy.c
2214,2214,2214,char,bitmap,redis,cluster_legacy.c
2221,2221,2221,clusterNode,slot,redis,cluster_legacy.c
2229,2229,2229,void,from_node,redis,cluster_legacy.c
2230,2230,2230,void,to_node,redis,cluster_legacy.c
2233,2233,2233,mstime_t,ci,redis,cluster_legacy.c
2236,2236,2236,clusterNode,slot_info_pairs,redis,cluster_legacy.c
2237,2237,2237,void,slot_info_pairs_count,redis,cluster_legacy.c
2240,2240,2240,unsigned,tls_primary,redis,cluster_legacy.c
2251,2251,2251,int,o,redis,cluster_legacy.c
2254,2254,2254,clusterNode,del,redis,cluster_legacy.c
2255,2255,2255,int,start_slot,redis,cluster_legacy.c
2256,2256,2256,clusterNode,end_slot,redis,cluster_legacy.c
2263,2263,2263,void,nodes,redis,cluster_legacy.c
2266,2266,2266,clusterNode,hashslot,redis,cluster_legacy.c
2269,2269,2269,sds,numnodes,redis,cluster_legacy.c
2285,2285,2285,robj,slave_idx,redis,cluster_legacy.c
2293,2293,2293,void,tids,redis,threads_mngr.c
2294,2294,2294,pid_t,tids_len,redis,threads_mngr.c
2300,2300,2300,int,level,redis,server.c
2301,2301,2301,char,msg,redis,server.c
2308,2308,2308,void,retcode,redis,server.c
2316,2316,2316,dict,key1,redis,server.c
2317,2317,2317,void,key2,redis,server.c
2349,2349,2349,void,moreMem,redis,server.c
2350,2350,2350,void,usedRatio,redis,server.c
2353,2353,2353,double,metric,redis,server.c
2354,2354,2354,void,current_value,redis,server.c
2355,2355,2355,int,current_base,redis,server.c
2356,2356,2356,void,factor,redis,server.c
2360,2360,2360,void,now_ms,redis,server.c
2362,2362,2362,long,time_idx,redis,server.c
2367,2367,2367,long,allow_eviction,redis,server.c
2369,2369,2369,client,in_usage,redis,server.c
2370,2370,2370,client,out_usage,redis,server.c
2371,2371,2371,mstime_t,update_daylight_info,redis,server.c
2372,2372,2372,client,ustime,redis,server.c
2374,2374,2374,size_t,update_cached_time,redis,server.c
2375,2375,2375,client,us,redis,server.c
2376,2376,2376,client,eventLoop,redis,server.c
2378,2378,2378,int,clientData,redis,server.c
2383,2383,2383,void,process_class,redis,server.c
2384,2384,2384,int,sfd,redis,server.c
2386,2386,2386,long,accept_handler,redis,server.c
2389,2389,2389,long,parent_name,redis,server.c
2390,2390,2390,long,sub_name,redis,server.c
2392,2392,2392,void,subcommand,redis,server.c
2393,2393,2393,void,declared_name,redis,server.c
2396,2396,2396,long,commands,redis,server.c
2397,2397,2397,void,oa,redis,server.c
2404,2404,2404,void,container,redis,server.c
2409,2409,2409,mstime_t,strict,redis,server.c
2438,2438,2438,redisOpArray,latency_histogram,redis,server.c
2439,2439,2439,sds,duration_hist,redis,server.c
2445,2445,2445,int,reply,redis,server.c
2457,2457,2457,int,fullerr,redis,server.c
2458,2458,2458,int,namelen,redis,server.c
2459,2459,2459,robj,unlink_unix_socket,redis,server.c
2461,2461,2461,int,error_code,redis,server.c
2467,2467,2467,int,replyFlags,redis,server.c
2478,2478,2478,,num_args,redis,server.c
2480,2480,2480,client,rs,redis,server.c
2489,2489,2489,client,use_map,redis,server.c
2495,2495,2495,char,with_flags,redis,server.c
2505,2505,2505,int,numcmds,redis,server.c
2518,2518,2518,client,histogram_name,redis,server.c
2519,2519,2519,uint64_t,histogram,redis,server.c
2520,2520,2520,client,replstate,redis,server.c
2523,2523,2523,client,tmp,redis,server.c
2529,2529,2529,client,section_dict,redis,server.c
2530,2530,2530,,sections,redis,server.c
2531,2531,2531,client,sec,redis,server.c
2534,2534,2534,client,defaults,redis,server.c
2535,2535,2535,,out_all,redis,server.c
2536,2536,2536,client,out_everything,redis,server.c
2537,2537,2537,,blocking_keys,redis,server.c
2538,2538,2538,client,blocking_keys_on_nokey,redis,server.c
2539,2539,2539,int,watched_keys,redis,server.c
2541,2541,2541,client,all_sections,redis,server.c
2542,2542,2542,client,everything,redis,server.c
2545,2545,2545,commandListFilter,warning,redis,server.c
2547,2547,2547,dict,listener,redis,server.c
2550,2550,2550,client,purpose,redis,server.c
2551,2551,2551,dict,info_type,redis,server.c
2552,2552,2552,int,pname,redis,server.c
2554,2554,2554,client,keys,redis,server.c
2557,2557,2557,client,size_hint,redis,server.c
2561,2561,2561,long,exec_name,redis,server.c
2562,2562,2562,long,allocation_size,redis,server.c
2563,2563,2563,sds,varname,redis,server.c
2569,2569,2569,char,cpulist,redis,server.c
2570,2570,2570,sds,sd_notify_msg,redis,server.c
2571,2571,2571,dict,mode,redis,server.c
2576,2576,2576,double,score,redis,t_zset.c
2577,2577,2577,sds,ele,redis,t_zset.c
2579,2579,2579,zskiplistNode,zsl,redis,t_zset.c
2585,2585,2585,zskiplist,update,redis,t_zset.c
2591,2591,2591,zskiplistNode,curscore,redis,t_zset.c
2593,2593,2593,double,newscore,redis,t_zset.c
2595,2595,2595,double,spec,redis,t_zset.c
2599,2599,2599,zrangespec,range,redis,t_zset.c
2616,2616,2616,dict,start_node,redis,t_zset.c
2617,2617,2617,zskiplist,start_level,redis,t_zset.c
2618,2618,2618,double,rank,redis,t_zset.c
2621,2621,2621,int,min,redis,t_zset.c
2622,2622,2622,unsigned,max,redis,t_zset.c
2625,2625,2625,unsigned,dest,redis,t_zset.c
2626,2626,2626,long,ex,redis,t_zset.c
2642,2642,2642,zlexrangespec,vstr,redis,t_zset.c
2643,2643,2643,zskiplist,vlen,redis,t_zset.c
2644,2644,2644,zlexrangespec,sptr,redis,t_zset.c
2646,2646,2646,zlexrangespec,eptr,redis,t_zset.c
2647,2647,2647,long,cstr,redis,t_zset.c
2648,2648,2648,unsigned,clen,redis,t_zset.c
2649,2649,2649,char,zl,redis,t_zset.c
2672,2672,2672,unsigned,lp,redis,t_zset.c
2686,2686,2686,char,deleted,redis,t_zset.c
2694,2694,2694,unsigned,zobj,redis,t_zset.c
2696,2696,2696,zlexrangespec,val_len_hint,redis,t_zset.c
2700,2700,2700,unsigned,encoding,redis,t_zset.c
2703,2703,2703,double,cap,redis,t_zset.c
2705,2705,2705,char,maxelelen,redis,t_zset.c
2706,2706,2706,unsigned,totelelen,redis,t_zset.c
2708,2708,2708,unsigned,member,redis,t_zset.c
2713,2713,2713,double,in_flags,redis,t_zset.c
2714,2714,2714,unsigned,out_flags,redis,t_zset.c
2716,2716,2716,sds,zs,redis,t_zset.c
2722,2722,2722,long,reverse,redis,t_zset.c
2723,2723,2723,unsigned,output_score,redis,t_zset.c
2725,2725,2725,zlexrangespec,e,redis,t_zset.c
2728,2728,2728,unsigned,zsetobj,redis,t_zset.c
2729,2729,2729,char,zsetsize,redis,t_zset.c
2738,2738,2738,size_t,rangetype,redis,t_zset.c
2742,2742,2742,int,op,redis,t_zset.c
2761,2761,2761,robj,aggregate,redis,t_zset.c
2763,2763,2763,robj,totallen,redis,t_zset.c
2765,2765,2765,int,setnum,redis,t_zset.c
2766,2766,2766,double,dstzset,redis,t_zset.c
2782,2782,2782,zrange_type,dstkey,redis,t_zset.c
2783,2783,2783,client,numkeysIndex,redis,t_zset.c
2785,2785,2785,client,cardinality_only,redis,t_zset.c
2797,2797,2797,zsetopval,value_length_in_bytes,redis,t_zset.c
2803,2803,2803,double,result_count,redis,t_zset.c
2816,2816,2816,size_t,client,redis,t_zset.c
2825,2825,2825,client,withscores,redis,t_zset.c
2834,2834,2834,client,limit,redis,t_zset.c
2850,2850,2850,long,argc_start,redis,t_zset.c
2853,2853,2853,size_t,direction,redis,t_zset.c
2863,2863,2863,zrange_consumer_type,keyv,redis,t_zset.c
2864,2864,2864,zrange_result_handler,keyc,redis,t_zset.c
2865,2865,2865,zrange_result_handler,where,redis,t_zset.c
2866,2866,2866,robj,emitkey,redis,t_zset.c
2868,2868,2868,robj,use_nested_array,redis,t_zset.c
2869,2869,2869,long,reply_nil_when_empty,redis,t_zset.c
2877,2877,2877,zrangespec,numkeys,redis,t_zset.c
2879,2879,2879,long,timeout_idx,redis,t_zset.c
2888,2888,2888,robj,vals,redis,t_zset.c
2890,2890,2890,long,l,redis,t_zset.c
2894,2894,2894,client,numkeys_idx,redis,t_zset.c
2895,2895,2895,zrange_result_handler,is_block,redis,t_zset.c
2901,2901,2901,int,swaptype,redis,pqsort.c
2907,2907,2907,size_t,es,redis,pqsort.c
2908,2908,2908,void,lrange,redis,pqsort.c
2909,2909,2909,void,rrange,redis,pqsort.c
2921,2921,2921,char,hostsocket,redis,redis-benchmark.c
2925,2925,2925,int,cfg,redis,redis-benchmark.c
2941,2941,2941,int,from,redis,redis-benchmark.c
2942,2942,2942,char,thread_id,redis,redis-benchmark.c
2966,2966,2966,char,add,redis,listpack.c
2968,2968,2968,char,slen,redis,listpack.c
2970,2970,2970,long,capacity,redis,listpack.c
2974,2974,2974,char,intenc,redis,listpack.c
2975,2975,2975,unsigned,enclen,redis,listpack.c
2998,2998,2998,char,intbuf,redis,listpack.c
2999,2999,2999,unsigned,entry_size,redis,listpack.c
