,OUT,SWUM,POSSE,STANFORD
0,NM NM N,NM NM N,NM N V,NM N N
1,V N,V N,V N,VBP N
2,N,N,N,N
3,NM NM N,NM NM N,N N N,N VBZ N
4,V NM NM N,V NM NM N,V N N N,VBP N N N
5,V NM N,V NM N,FAILURE FAILURE FAILURE,VM VBD N
6,V DT NM NM N,V DT NM NM N,V NM N N N,VBP N N N N
7,V NM N,V NM N,V N N,VBP N N
8,V NM N,V NM N,V N N,VBP N N
9,NM NM N,NM NM N,NM N N,NM N N
10,NM NM NM N,NM NM NM N,NM N N N,NM N N N
11,NM NM NM N,NM NM NM N,NM N N V,NM N N N
12,V NM N,V NM N,V NM N,VBP N N
13,V N,V N,V N,VBP N
14,NM NPL V,NM NM N,NM N V,NM NPL V
15,V NM N,V NM N,V N N,VBP N N
16,V NM N,V NM N,V N N,VBP N N
17,V N,V N,V N,VBP N
18,V N,V N,V N,VBP N
19,V,V,V,VBP
20,V N,V N,V N,VBP N
21,V NPL,V N,V N,VBP NPL
22,V CJ NM NM N,V NM NM NM N,V N N N N,VBP CJ N N N
23,V NM NM N,V NM NM N,V N N N,VBP N N N
24,V V NM N,V V NM N,V N N N,VBP N N N
25,V NM N,V NM N,V N N,VBP N N
26,V NM N,V NM N,V N N,VBP N V
27,V NM NM N,V NM NM N,V NM N N,VBP NM N N
28,V NM NM CJ N,V NM NM NM N,FAILURE FAILURE FAILURE FAILURE FAILURE,VM N N CJ N
29,V NM NM N,V NM NM N,V N N N,VBP N N N
30,V N,V N,V N,VBP N
31,V,V,V,VBP
32,NM,V,NM,NM
33,V V N,V V N,V N N,VBP N N
34,V,V,V,VBP
35,V NPL,V N,V N,VBD NPL
36,V NPL,V N,V N,VBP NPL
37,V NM N,V NM N,V NM N,VBD NM N
38,V NM N,V NM N,V NM N,VBP NM N
39,V NM N,V NM N,V N N,VBD N N
40,V NM N,V NM N,V N N,VBP N N
41,V NM N,V NM N,V N N,VBD N N
42,V NM N,V NM N,V N N,VBP N N
43,V NM N,V NM N,V N N,VBD N N
44,V NM N,V NM N,V N N,VBP N N
45,V NM NM N,V NM NM N,V N N N,VBP N N N
46,V N,V N,V NM,VBP N
47,V N,V N,V N,VBP N
48,V,V,V,VBZ
49,P N,P N,P N,P N
50,V N P N,V N P N,V N P N,VBP N P V
51,V V N,V V N,FAILURE FAILURE FAILURE,VM N N
52,V N,V N,V N,VBP N
53,V N,V N,V N,VBD N
54,V N,V N,V N,VBP N
55,V N,V N,V N,VBD N
56,V N,V N,V N,VBP N
57,V N,V N,V N,VBD N
58,V N,V N,V N,VBP N
59,V N,V N,V N,VBP N
60,V N,V N,V N,VBP N
61,V N,V N,V N,VBD N
62,V N,V N,V N,VBP N
63,V N,V N,V N,VBD N
64,NM P NM N,FAILURE FAILURE FAILURE FAILURE,V P NM N,VBP P V N
65,NM P DT N,FAILURE FAILURE FAILURE FAILURE,V P NM N,VBP P N N
66,V NM N,V NM N,V NM N,VBP NM N
67,V NPL,V N,V N,VBP NPL
68,V N,V N,V N,VBZ N
69,V NM N P NM N,V NM N P NM N,V N N P N N,VBZ N N P V N
70,V NM N,V NM N,V N N,VBZ N N
71,V,V,V,VBP
72,V N,V N,V N,VBP N
73,V,V,V,VBP
74,NM N P N,V N P N,V N P N,N N P N
75,NM,V,N,VBP
76,V NPL P N,V N P N,V N P N,VBP NPL P N
77,V V N,V V N,V N N,VBP N N
78,V V NM NM N,V V NM NM N,V N N N N,VBP N N N N
79,V V NM NM NM N,V V NM NM NM N,V N N N N N,VBP N N N N N
80,V DT NM N V N,V DT NM N P N,V NM N N P N,VBP DT N N N N
81,V V N V NM N,V V N P NM N,V N N P N N,VBP N N N N N
82,NM P N,FAILURE FAILURE FAILURE,V P N,VBP P N
83,NPL P N,NM NM N,FAILURE FAILURE FAILURE,NPL P N
84,N P NM N,FAILURE FAILURE FAILURE FAILURE,FAILURE FAILURE FAILURE FAILURE,VBP P N N
85,V NM NM N,V NM NM N,V N N N,VBP N N N
86,V NM N P NM P,V NM N P NM N,V N N P N P,VBP N N P V P
87,V NM N,V NM N,V N N,VBP N N
88,V NM V NM N,V NM NM NM N,V N P N N,VBP N N N N
89,V NM N,V NM N,V NM N,VBP NM N
90,V N,V V,V N,VBP N
91,NM N,V N,NM N,NM N
92,V N,V N,V N,VBP N
93,NM N,V N,V N,N N
94,V N,V N,V N,VBP N
95,V NPL,V N,V N,VBP NPL
96,V N,V N,V N,VBP N
97,V N,V N,V N,VBP N
98,V N,V N,V N,VBP N
99,V NM NM N,V NM NM N,V N N N,VBP N N N
100,PRE N,V N,N V,NM N
101,NM N,NM N,NM N,NM N
102,V N,V N,V N,VBP NM
103,V NM N,V NM N,V NM N,VBP NM N
104,NM P NM N,FAILURE FAILURE FAILURE FAILURE,V P NM N,VBP P NM N
105,V NM N,V NM N,V N N,VBP N N
106,V N,V N,V N,VBP N
107,NM NM N,V NM N,V NM N,N NM NM
108,V N,V N,V N,VBP N
109,V N,V N,V N,VBP NM
110,V NM N,V NM N,V N N,VBP V NM
111,NM NM P N,NM NM NM PR,FAILURE FAILURE FAILURE FAILURE,NM N P P
112,V NM N,V NM N,V NM N,VBP NM N
113,V N P N,V N P N,FAILURE FAILURE FAILURE FAILURE,VBP NM P N
114,V NM N,V NM N,V NM N,VBP NM NM
115,NM N,V N,N N,VBP N
116,V N,V N,V N,VBP N
117,V NM NM N,V NM NM N,V NM N N,VBP N N N
118,V NM NM N,V DT NM N,V NM N N,VBP NM N N
119,V NM NM N,V DT NM N,V NM N N,VBP NM N N
120,V N P NPL,V N P N,V N P N,VBP N P NPL
121,V NM N P NPL,V NM N P N,V N N P N,VBP N N P NPL
122,V NM N,V NM N,V NM N,VBP N N
123,V NM N,V NM N,V NM N,VBP NM N
124,NM N,V N,N N,VBD N
125,V NM N,V NM N,V N N,VBP N N
126,V N,V N,V N,VBP N
127,V N P N,V N P N,V N P N,VBP N P V
128,V,V,V,VBP
129,V NM N,V NM N,V NM N,VBZ NM V
130,V NM N,V NM N,V N N,VBP V N
131,V N,V N,V N,VBP N
132,V NM NPL,V NM N,V N N,VBP NM NPL
133,P N,P N,P N,P N
134,P N,P N,P N,P V
135,P NM NM N,P NM NM N,P N N N,P N N N
136,P NM NM N,P NM NM N,P N N N,P N N N
137,P NM NPL,P NM N,P N N,P N NPL
138,P NM N,P NM N,P N N,P N N
139,P NM NM N,P NM NM N,P N N N,P N N N
140,P NM NM NM NM N,P NM NM NM NM N,P N N N N N,P N N N N N
141,V NM NM N,V NM NM N,V N N N,VBP N N N
142,NM V,V V,N V,V V
143,V NM NM NM N,V NM NM NM N,V NM NM NM N,VBP NM NM NM N
144,NM P,FAILURE FAILURE,V P,VBD N
145,V NM NM NPL,V NM NM N,V N N N,VBP N N NPL
146,V NM NM N,V NM NM N,V N NM N,VBP N N N
147,V NM NM NM N,V NM NM NM N,V N NM N N,VBP N N N N
148,V NM NM NM N,V NM NM NM N,V N N NM N,VBP N N NM N
149,V NM NM N,V NM NM N,V N N N,VBP N N N
150,V NM NM N,V NM NM N,V N NM N,VBP N NM N
151,V NM NM NM N,V NM NM NM N,FAILURE FAILURE FAILURE FAILURE FAILURE,VBP N NM NM N
152,V NM NM NM N,V NM NM NM N,V N N N N,VBP N N N N
153,V NM NM NM,V NM NM N,V N N V,VBP N N VBN
154,V N,V N,V N,VBP N
155,V N,V N,V N,VBP N
156,V NM N,V NM N,V N N,VBP N N
157,V N,V N,V N,VBP N
158,V NM N,V NM N,V N N,VBP V N
159,V NM N,V NM N,V N N,VBP N N
160,V NM NM N,V NM NM N,V N N N,VBP N N N
161,V NM N,V NM N,V N N,VBP N N
162,V NPL,V N,V N,VBP NPL
163,V NM N,V NM N,V N N,VBP N N
164,V NM N,V NM N,V NM N,VBP N N
165,V NM NM N,V NM NM N,V N N N,VBD N N N
166,V N,V N,V N,VBP N
167,V NM NM NM NM NM NM N,V NM NM NM NM NM NM N,V N N N N N NM NM,VBP N N N N N N N
168,V NM NPL,V NM N,V N N,VBP N NPL
169,V NM NPL,V NM N,V N N,VBP N NPL
170,V NM NPL,V NM N,V N N,VBP N NPL
171,V NM N,V NM N,V NM N,VBP N N
172,V NM NM NPL,V NM NM N,V N N N,VBP N N NPL
173,V NM NM NM NM VM,V NM NM NM NM N,FAILURE FAILURE FAILURE FAILURE FAILURE FAILURE,VBP N N N N VM
174,V NM NPL NM P D N,V NM NM NM NM NM N,V NM N NM N NM N,VBP NM NPL NM P D N
175,V NM N,V NM N,V N N,VBP N N
176,V N,V N,V N,VBP N
177,V N,V N,V N,VBP N
178,NM N,V N,V N,N N
179,V NM P V,NM NM N P,V NM N V,VBP NM CJ NM
180,NM N,NM N,N V,N N
181,NM N,NM N,N V,N N
182,V NM NPL,V NM N,V NM N,VBP NM NPL
183,V NM N,V NM N,V N N,VBP N N
184,V N,V N,V N,VBP N
185,V NM N,V NM N,V N N,VBP N N
186,V NM N,V NM N,V NM N,VBP N N
187,V,V,V,VBP
188,V,V,V,VBP
189,V N,V N,V N,VBP N
190,V NM N,V NM N,V N N,VBP N N
191,V NPL,V N,V N,VBP NPL
192,PRE,V,N,N
193,V V NM NPL,V V NM N,V N N N,VBP N N NPL
194,V V NM NPL,V V NM N,V N N N,VBP V N NPL
195,V V NM N,V V NM N,V N N N,VBP V N N
196,V V N,V V N,V N N,VBP V N
197,V V N,V V N,V NM N,VBP V N
198,V V NM N,V V NM N,V N N N,VBP V N N
199,V NM N,V NM N,V N N,VBP N N
200,V NM N,V NM N,V N N,VBP N N
201,V N,V N,V N,VBP N
202,V N,V N,V N,VBP N
203,V,V,V,VBP
204,V N,V N,V N,VBP N
205,NM P,FAILURE FAILURE,V P,VBP P
206,V N,V DT,V NM,VBP N
207,V,V,V,VBP
208,V,V,V,VBP
209,NM NM N,DT NM N,NM N V,NM N N
210,V N,V N,V N,VBP N
211,V N,V N,V N,VBP N
212,V N,V N,V N,VBP N
213,V N,V N,V N,VBP N
214,NM N,NM N,FAILURE FAILURE,NM N
215,V NPL,V N,V N,VBP NPL
216,V NPL P N,V N P N,V N P N,VBP NPL P N
217,V DT N,V DT N,V NM N,VBP N N
218,V DT N,V DT N,V NM NM,VBP N N
219,V N,V N,V N,VBP N
220,V N,V N,V N,VBP N
221,V NM NPL,V NM N,V N N,VBP N NPL
222,V,V,V,VBP
223,NM NPL,V N,V N,N NPL
224,V NPL,V N,V N,VBP NPL
225,V N P N,V N P N,V N P N,VBP N P N
226,V,V,V,VBP
227,V NM NM NPL,V NM NM N,V NM N N,VBP NM N NPL
228,V NM N,V NM N,V N N,VBP N N
229,V NM NM N,V NM NM N,V N N NM,VBP N N N
230,V CJ V NM N,V NM NM NM N,V N NM N N,VBP CJ VBP N N
231,V V N P N,V V N P N,V N N P N,VBP N N P N
232,V NM NM NM N,V NM NM NM N,V N N N N,VBP N N N N
233,V NM NM N,V NM NM N,V N N N,VBP N N N
234,V NM N P N,V NM N P N,V NM N P N,VBP NM N P N
235,V NM NM N,V NM NM N,V N N N,VBP N N N
236,V NM N,V NM N,V N N,VBP N N
237,V NM NM N,V NM NM N,V NM N N,VBP NM N N
238,V NM N,V NM N,V NM N,VBP NM N
239,V DT NM N,V DT NM N,V NM N N,VBP N N N
240,V NM N,V NM N,V NM N,VBP VBG N
241,V NM NM N,V NM NM N,V NM N N,VBP NM N N
242,V NM N,V NM N,V NM N,VBP NM N
243,V NM NM NM N,V NM NM NM N,V NM NM N N,VBP NM NM N N
244,V NM NM N,V NM NM N,V N N N,VBP N N N
245,V NM NM NM NM N,V NM NM NM NM N,V N N N N N,VBP N N N N N
246,V NM NM NM NM N,V NM NM NM NM N,V N N N N N,VBP N N N N N
247,V NM NPL,V NM N,V N N,VBP N NPL
248,V N V N,V N P N,V N P N,VBP N N N
249,V NM N,V DT N,V NM N,VBP NM N
250,V NM NPL,V NM N,V NM N,VBP NM NPL
251,V NM N,V NM N,V N N,VBP N N
252,V N,V N,V N,VBP N
253,NM N,V N,V N,N N
254,N NM N,FAILURE FAILURE FAILURE,N N N,VBP N N
255,V NM N,V NM N,V NM N,VBP N N
256,V N,V N,V N,VBP N
257,V NM N,V NM N,V N N,VBP N N
258,V NM N,V NM N,V N N,VBP N N
259,V NM N,V NM N,V N N,VBP N N
260,V NM N,V NM N,V N N,VBD N N
261,V NM N,V NM N,V NM N,VBP VBN N
262,V NM N,V NM N,V NM N,VBD VBN N
263,V N,V N,V N,VBP N
264,V N,V N,V N,VBD N
265,V NM N,V NM N,V N N,VBD N N
266,V,V,V,VBP
267,V N,V N,V N,VBP N
268,V V NM NM N,V V NM NM N,V N N N N,VBP N N N N
269,V V NM NM N P NM NPL,V V NM NM N P NM N,V N N N N P NM N,VBP N N N N P NM NPL
270,V,V,V,VBP
271,V N,V N,V N,VBP N
272,V,V,V,VBP
273,V NM N,V NM N,V NM N,VBP N N
274,V NM NM N,V NM NM N,V NM N N,VBP N N N
275,V NM NPL N,V NM NM N,V NM N N,VBP NM NPL N
276,V NM NPL,V NM N,V NM N,VBP NM NPL
277,V NM NPL,V NM N,V NM N,VBP NM NPL
278,V NM NPL,V NM N,V NM N,VBP NM NPL
279,V NM N,V NM N,V N N,VBP N N
280,V N,V N,V N,VBP N
281,V NM N,V NM N,V NM N,VBZ N N
282,V NM N,V NM N,V N V,VBZ N N
283,NM NM N,V NM N,N N V,VBP N N
284,V NM N,V NM N,V N V,VBZ N N
285,V N,V N,V N,VBP N
286,V N,V N,V N,VBP N
287,V N,V N,V N,VBP N
288,V N,V N,V N,VBP N
289,V,V,V,VBP
290,V V,V V,V N,VBP V
291,V N,V N,V N,VBP N
292,V N,V N,V N,VBP N
293,V NPL,V N,V N,VBP NPL
294,V N,V N,V N,VBP N
295,V NM N,V NM N,V N N,VBP N N
296,NM DT N,FAILURE FAILURE FAILURE,V NM N,VBP N N
297,N N,FAILURE FAILURE,N V,VBP N
298,NM,V,V,N
299,N N,FAILURE FAILURE,N N,VBP N
300,NM P,FAILURE FAILURE,V P,VBP N
301,V N P N,V N P N,V N P N,VBP N P N
302,V,V,V,VBP
303,N,N,V,N
304,V NM N,V NM N,V NM N,VBP N N
305,V NM N,V NM N,V N N,VBP NM N
306,V NM NM NPL,V NM NM N,V NM N N,VBP N N NPL
307,V N,V N,V N,VBP N
308,V NM NM N,V NM NM N,V NM N N,VBP N N N
309,V NPL,V N,V N,VBP NPL
310,V NM NM N,V NM NM N,V NM N N,VBP NM N N
311,V NM NM NM N,V NM NM NM N,V N N N N,VBP N N N N
312,V NM N,V NM N,V NM N,VBP NM N
313,V NM N,V NM N,V N N,VBP N N
314,V NM N,V NM N,V N N,VBP N N
315,V NM NM N,V NM NM N,V N N N,VBP N N N
316,V N,V N,V N,VBP N
317,V N,V N,V N,VBP N
318,V NM N,V NM N,V NM N,VBP NM N
319,V NM NM N,V NM NM N,V NM NM N,VBP N N N
320,NM DT NM N,FAILURE FAILURE FAILURE FAILURE,V N N N,VBP NM N N
321,V NM N,V NM N,V N N,VBP N N
322,V NM NM NM N,V NM NM NM N,V N NM N N,VBP N N N N
323,V NM NM NM NM N,V NM NM NM NM N,V N NM NM N N,VBP N N N N N
324,V NM N,V NM N,V N N,VBD N N
325,V N,V N,V N,VBP N
326,V N,V N,V NM,VBP N
327,V N,V N,V NM,VBP N
328,V N,V N,V NM,VBP N
329,V CJ NM N,V NM NM N,V N N N,VBP CJ N N
330,V N,V N,V N,VBP N
331,V NM N,V NM N,V NM N,VBP NM N
332,V NM N,V NM N,V N N,VBP N N
333,V NM NM N,V NM NM N,V N N NM,VBP N N N
334,V NM NM N,V NM NM N,V N N NM,VBP N N N
335,V NM NM N,V NM NM N,V NM N N,VBP NM N N
336,V NM NM N,V NM NM N,V N N N,VBP N N N
337,V NM NM NM N,V NM NM NM N,V N N N NM,VBP N N N N
338,V NM NM NM N,V NM NM NM N,V N N N NM,VBP N N N N
339,V NM NM NM CJ NM N,V NM NM NM NM NM N,V N N NM N N N,VBP N N N CJ N N
340,V NM NM NM CJ NM NM N,V NM NM NM NM NM NM N,V N N NM N N N N,VBP N N N CJ N N N
341,V NM NM N,V NM NM N,V N N V,VBP N N N
342,V NM NM NM N,V NM NM NM N,V N N NM N,VBP N N NM N
343,V NM NM NM CJ NM N,V NM NM NM NM NM N,V N N NM N N N,VBP N N N CJ N N
344,V NM NM NM CJ NM NM N,V NM NM NM NM NM NM N,V N N NM N N N NM,VBP N N N CJ N N N
345,V NM NM N,V NM NM N,V N NM N,VBP N N N
346,V NM NM NM N,V NM NM NM N,V N NM NM N,VBP N N N N
347,V NM NM N,V NM NM N,V N NM N,VBP N N N
348,V NM NM NM N,V NM NM NM N,V N NM NM N,VBP N N N N
349,V CJ NM NM NM NM NM N,V NM NM NM NM NM NM N,V N N N NM NM N N,VBP CJ N N N N N N
350,V N,V N,V N,VBP N
351,V NM NM N,V NM NM N,V N N NM,VBP N N N
352,V NPL P NM N,V N P NM N,V N P NM N,VBP NPL P N N
353,V NM N,NM NM N,V N N,VBP N N
354,V NM N V,NM NM N P,V N N V,VBP N N VBD
355,V N,NM N,V N,VBP N
356,V NM N,NM NM N,V N N,VBP N N
357,VM,N,V,VBP
358,V N,V N,V N,VBP N
359,N,N,N,N
360,V NM N,V NM N,V N N,VBP N N
361,NM,V,V,N
362,V NM NM N,V NM NM N,V NM N NM,VBP N N N
363,V NM N,V NM N,V NM N,VBP N N
364,V NPL CJ NM N,V NM NM NM N,V N N N N,VBP NPL CJ N N
365,V V DT,V V DT,V N N,VBP V DT
366,V N,V N,V N,VBP N
367,V NM N,V NM N,V N N,VBP N N
368,V,V,V,VBP
369,V N,V N,V N,VBP N
370,V NM N,V NM N,V NM N,VBP N N
371,NM N,V N,V N,N N
372,V NM N,V NM N,V NM N,VBP N N
373,V N,V N,V N,VBP N
374,V NM N,V NM N,V N N,VBP V N
375,V NM N,V NM N,V NM N,VBP N N
376,V NM NM N,V NM NM N,V NM NM N,VBP NM N N
377,V N,V N,V N,VBP N
378,V NM N,V NM N,V NM N,VBP N N
379,V NM N,V NM N,V NM N,VBP N N
380,V N,V N,V N,VBP N
381,V N,V N,V N,VBP N
382,V N,V N,V N,VBP N
383,V N,V N,V N,VBP N
384,V N P N,V N P N,V N P NM,VBP N P N
385,V N,V N,V N,VBP NM
386,N V,N P,N V,VBP VBN
387,V NM NPL,V NM N,V N N,VBP N NPL
388,V NM NM NPL,V NM NM N,V N N N,VBP N N NPL
389,V NM N,V NM N,V NM N,VBP N N
390,V N V N,V N P N,V N P N,VBP N N N
391,P NM N,P NM N,P N N,P V N
392,V N,V N,V N,VBZ N
393,V N,V N,V N,VBP V
394,V NM N,V NM N,V N N,VBP N N
395,V NM N,V NM N,V N N,VBP N N
396,V N,V N,V N,VBP N
397,V NM N,V NM N,V N N,VBP N N
398,V NM N,V NM N,V N N,VBP N N
399,V NM NM N,V NM NM N,V N NM N,VBP N N N
400,V NM N,V NM N,V N N,VBP N N
401,V,V,V,VBP
402,V NM NM NPL,V NM NM N,V N N N,VBP N N NPL
403,V,V,V,VBP
404,V NM N,V NM N,FAILURE FAILURE FAILURE,VBP N N
405,V,V,V,VBP
406,V N,V N,V N,VBD N
407,V,V,V,VBP
408,V,V,V,VBP
409,V N,V N,V N,VBP N
410,V NM N,V NM N,V NM N,VBP N N
411,V NM N,V NM N,V NM N,VBD N N
412,NM,V,N,VBP
413,NM P DT N,FAILURE FAILURE FAILURE FAILURE,V P NM N,VBP P N N
414,NM P DT N,FAILURE FAILURE FAILURE FAILURE,V P NM N,VBP P N N
415,V NM N,V NM N,V NM N,VBP NM N
416,V NM N,V NM N,V NM N,VBP NM N
417,V N,V N,V N,VBP N
418,V N,V N,V N,VBD N
419,V N,V N,V N,VBD N
420,N,N,NM,NM
421,V,V,V,VBP
422,V,V,V,VBP
423,V,V,V,VBP
424,V NPL,V N,V N,VBP NPL
425,V,V,V,VBP
426,V N,V N,V N,VBP N
427,NM P DT N,FAILURE FAILURE FAILURE FAILURE,V P NM N,VBP P N N
428,V VM,V N,FAILURE FAILURE,VBP VM
429,V N,V N,V N,VBD N
430,V NM P,V NM N,V N P,VBD N P
431,V NM NM N,V NM NM N,V N N N,VBP N N N
432,V NM NM N,V NM NM N,V NM N N,VBP N N N
433,V NM NM N,V NM NM N,V N N N,VBP N N N
434,V N,V N,V N,VBP N
435,V NM N,V NM N,V N N,VBP N N
436,V N,V N,V N,VBP N
437,V NM N,V NM N,V NM N,VBP N N
438,V NM NPL,V NM N,V N N,VBP N NPL
439,NM NM,V N,N V,VBP VBN
440,V NM NM N,V NM NM N,V N N N,VBP N N N
441,V NM N,V NM N,V N N,VBP N N
442,V NM N,V NM N,V N N,VBP N N
443,V NM,V N,V NM,VBP NM
444,V V NPL,V V N,V N N,VBP V NPL
445,V N,V N,V N,VBP N
446,V NM N,V NM N,V NM N,VBP N N
447,V NM NM NM N,V NM NM NM N,FAILURE FAILURE FAILURE FAILURE FAILURE,VBP NM NM NM N
448,NM NM N,FAILURE FAILURE FAILURE,V NM N,VBP NM N
449,NM P NM NM N,FAILURE FAILURE FAILURE FAILURE FAILURE,V NM N N N,VBP D N N N
450,NM NM NM NM,FAILURE FAILURE FAILURE FAILURE,V NM N V,VBP NM N VBN
451,V N,V N,V NM,VBD N
452,V NM N,V NM N,V NM N,VBP N N
453,V NM N,V NM N,V N N,VBD N N
454,V NM NM,V NM N,V N V,VBP N VBN
455,V,V,V,VBP
456,V,V,V,VBP
457,V N,V N,V N,VBP N
458,V N,V N,V N,VBP N
459,V N,V N,V N,VBP N
460,NM,DT,NM,NM
461,V NM NPL,V NM N,V N N,VBP NM NPL
462,V NM NPL,V NM N,V NM N,VBP NM NPL
463,V NM N,V NM N,V N N,VBP N N
464,V NM N,V NM N,V N N,VBP N N
465,V NM N,V NM N,V N N,VBP N N
466,V N,V N,V N,VBP N
467,NM P N,FAILURE FAILURE FAILURE,V P N,VBP P N
468,V NM NM N P N,V NM NM N P N,V N N N P N,VBP N N N P N
469,V NM NM N,V NM NM N,V N N N,VBP N N N
470,V NM NPL,V NM N,V N N,VBP N NPL
471,V NM NM NM N,V NM NM NM N,V N N N N,VBP N N N N
472,V N,V N,V N,VBP N
473,V N,V N,V N,VBP N
474,V NM N,V NM N,V N N,VBP N N
475,V NM N,V NM N,V N N,VBP N N
476,V NM N,V NM N,V N N,VBD N N
477,V NM N,V NM N,V N N,VBP N N
478,V NM N,V NM N,V N N,VBD N N
479,V N P V,V N P N,V NM P NM,VBP N P V
480,V NM N,V NM N,V N N,VBP V N
481,V NM NM N,V NM NM N,V N N N,VBP V N N
482,V NM NM N,V NM NM N,V NM N N,VBP NM N N
483,NM NM DT N,FAILURE FAILURE FAILURE FAILURE,V NM NM N,VBP NM N N
484,V NM NM N,V NM NM N,V NM N N,VBP N N N
485,V NM N P N,V NM N P N,V N N P N,VBP N N P N
486,V V N,V V N,V N N,VBP V N
487,V NM NM N,V NM NM N,V N N V,VBP VBN N N
488,NM NM NPL,NM NM N,N N N,VBP N NPL
489,NM N,NM N,N V,VBD N
490,NM N,FAILURE FAILURE,V N,VBP N
491,NM DT N,FAILURE FAILURE FAILURE,V NM NM,VBP N N
492,NM N,FAILURE FAILURE,V N,VBP N
493,NM DT N,FAILURE FAILURE FAILURE,V NM NM,VBP N N
494,V N,V N,V N,VBP N
495,V N,V N,V N,VBP N
496,V,V,V,VBP
497,V N,V N,V N,VBP N
498,V N,V N,V N,VBP N
499,VM,N,V,VBP
500,NM P,NM N,FAILURE FAILURE,NM P
501,NM P,FAILURE FAILURE,V P,VBP P
502,N N,N P,V N,NM VBN
503,N V,N P,N V,NM VBN
504,V NM NPL,V NM N,V N N,VBP N NPL
505,V NM DT NPL,V NM DT N,V N NM N,VBP N N NPL
506,V NPL P,V NM N,V N P,VBP NPL P
507,V NPL,V N,V N,VBP NPL
508,PRE,V,N,N
509,NM,V,N,VBP
510,V NM NPL,V NM N,V N N,VBP N NPL
511,V NM N,V NM N,V N N,VBP N NM
512,V NM N,V NM N,V NM N,VBP N N
513,V NM NM NPL P NM NM N,V NM NM N P NM NM N,FAILURE FAILURE FAILURE FAILURE FAILURE FAILURE FAILURE FAILURE,VBP N N NPL P N N N
514,V V N P NM NM N,V V N P NM NM N,FAILURE FAILURE FAILURE FAILURE FAILURE FAILURE FAILURE,N VBP N P N N N
515,V V NM N,V V NM N,V N N N,VBP N N N
516,V V NM N,V V NM N,V N N N,VBP N N N
517,V V NM N,V V NM N,V N N N,VBP N N N
518,V NM NM N,V NM NM N,V N N N,VBP N N N
519,V V N,V V N,V N N,VBP N N
520,V NM NM N,V NM NM N,V N N N,VBP N N N
521,V V N P DT N,V V N P DT N,V N N P NM N,VBP V N P DT N
522,V N P NM N,V N P NM N,V N P N N,VBP N P N N
523,V,V,V,VBP
524,V N,V N,V N,VBP N
525,V N,V V,V N,VBP N
526,V V NM N,V V NM N,V N N N,VBP N N N
527,NM N N,NM DT N,FAILURE FAILURE FAILURE,NM N N
528,NM N,DT N,FAILURE FAILURE,NM N
529,V NM N,V NM N,V NM N,VBP N N
530,NM NM NM N,V NM NM N,NM NM N V,VBD N N N
531,NM P N,FAILURE FAILURE FAILURE,V P N,VBP P N
532,V NM NM NM N,V NM NM NM N,V N N N N,VBP N N N N
533,NM N,V N,V N,NM N
534,V NM NM N,V NM NM N,V N N N,VBP N N N
535,V NM NM NM N D,V NM NM NM N D,V N N N N N,VBP N N N N D
536,V NM NM NM N D,V NM NM NM N D,V N N N N N,VBP N N N N D
537,V NM NM N,V NM NM N,V N N N,VBP N N N
538,V NM NM N,V NM NM N,V NM N N,VBP N N N
539,V NM N,V NM N,V N N,VBP N N
540,V P N NM,NM NM N P,V P N N,VBP P N NM
541,V NM NM N,V NM NM N,V N N N,VBP N N N
542,V NM NM NM N,V NM NM NM N,V N N N N,VBP N N VBG NM
543,V NM NPL,V NM N,V NM N,VBP V NPL
544,P NM N,P NM N,P N N,P N V
545,V NM N,V NM N,V N N,VBP N N
546,V NM DT N,V NM DT N,V N NM N,VBP N N N
547,V NM DT N,V NM DT N,V N NM N,VBP N N N
548,V NM DT N D,V NM DT N D,V N NM N N,VBP N N N D
549,V NM DT N,V NM DT N,V N NM N,VBP N N N
550,V NM DT N D,V NM DT N D,V N NM N N,VBP N N N D
551,V NM N,V NM N,V N N,VBP N N
552,V P,V NM,V P,VBP P
553,V,V,V,VBP
554,N P NM P NM D,FAILURE FAILURE FAILURE FAILURE FAILURE FAILURE,FAILURE FAILURE FAILURE FAILURE FAILURE FAILURE,VBP P N P N D
555,N P NM P NM D,FAILURE FAILURE FAILURE FAILURE FAILURE FAILURE,FAILURE FAILURE FAILURE FAILURE FAILURE FAILURE,VBP P N P N D
556,V N D,V N D,V N N,VBP N D
557,V N D,V N D,V N N,VBP N D
558,V NM NM N,V NM NM N,V N N N,VBP N N N
559,V V,V V,V N,VBP V
560,V N,V N,V N,VBP N
561,V N D,V N D,V N N,VBP N D
562,V N D,V N D,V N N,VBP N D
563,V NPL,V N,V N,VBP NPL
564,V NPL,V N,V N,VBP NPL
565,V NPL,V N,V N,VBP NPL
566,V N,V N,V N,VBP N
567,V NM NM N,V NM NM N,V NM N N,VBP N N N
568,PRE NM NM N,V NM NM N,N N N N,N N N N
569,V N N,V DT N,FAILURE FAILURE FAILURE,VBP N N
570,V N,V N,V N,VBP N
571,V NM N,V NM N,V N N,VBP N N
572,V NM NM NM N,V NM NM NM N,V N N N N,VBD N N N N
573,V NM N,V NM N,V N N,VBP N N
574,V NPL,V N,V N,VBP NPL
575,V NPL,V N,V N,VBP NPL
576,V NM N,V NM N,V N N,VBP N N
577,V N,V N,V N,VBP N
578,V NPL,V N,V N,VBP NPL
579,N,N,N,N
580,NM N N,FAILURE FAILURE FAILURE,V P N,VBZ N N
581,NM P,FAILURE FAILURE,V P,VBP N
582,V NM NM N,V NM NM N,V N N V,VBP N N N
583,V NM N,V NM N,V NM N,VBP NM N
584,V NM N,V NM N,V NM N,VBP N N
585,V NM N,V NM N,V NM N,VBP N N
586,V N P N,V N P N,V N N N,VBP N P N
587,V NM N,V NM N,V NM N,VBP N N
588,V NM N,V NM N,V N N,VBP NM N
589,PRE NPL,V N,N N,N NPL
590,V NM N,V NM N,V N N,VBP N N
591,V NPL,V N,V N,VBP NPL
592,NM D,NM N,N NM,N D
593,NM P N,FAILURE FAILURE FAILURE,V P N,VBZ P N
594,V,V,V,VBP
595,N NM DT N,NM NM DT N,V N NM N,N N N N
596,V NM N,V NM N,V N N,VBP N N
597,V NM N,V NM N,V N N,VBP N N
598,V,V,V,VBP
599,V N,V N,V N,VBP N
600,V NM N,V NM N,V N N,VBP N N
601,V NM NM N,V NM NM N,V N N N,VBP N N N
602,V NPL,V N,V N,VBP NPL
603,V NPL,V N,V N,VBP NPL
604,V NM NM NPL,V NM NM N,V N N N,VBP N N NPL
605,V NPL,V N,V N,VBP NPL
606,V NPL,V N,V N,VBP NPL
607,V NPL P N,V N P N,V N N N,VBP NPL P N
608,V N,V N,V N,VBP N
609,V NM N,V NM N,V NM N,VBP N N
610,V NM NM N,V NM NM N,V NM N N,VBP VBN N N
611,V NM NM N,V NM NM N,V N N N,VBP N N N
612,V NPL,V N,V N,VBP NPL
613,V NM N,V NM N,V N N,VBP N N
614,V V NM NM NM N,V V NM NM NM N,V N NM N N N,VBP N VBG N N N
615,V NM NM NM N,V NM NM NM N,V NM N N N,VBP N N N N
616,V NM N,V NM N,V N N,VBP N N
617,V NM NM N,V NM NM N,V NM N N,VBP NM N N
618,V NM N,V NM N,V N N,VBP N N
619,V NM N,V NM N,V N N,VBP N N
620,V NM NM NPL,V NM NM N,V N N N,VBP N N NPL
621,V NM NM NPL,V NM NM N,V N N N,VBP N N NPL
622,V,V,V,VBP
623,V NM N,V NM N,V NM N,VBP N N
624,V N,V N,V N,VBP N
625,V N,V N,V N,VBP N
626,V N,V N,V N,VBP N
627,V V N,V V N,V N N,VBP N N
628,V NM NM N,V NM NM N,V NM N N,VBP NM N N
629,V N,V N,V N,VBP N
630,V,V,V,VBP
631,V,V,V,VBP
632,V NM NPL,V NM N,V N N,VBP N NPL
633,V NM NPL,V NM N,V NM N,VBP N NPL
634,V NM N,V NM N,V N N,VBP N VBD
635,V NM N,V NM N,V NM N,VBP N VBD
636,V,V,V,VBP
637,P N,P N,P N,P N
638,V NPL,V N,V N,VBP NPL
639,V NM N,V NM N,V N N,VBP N N
640,V NM N,V NM N,V N N,VBP N N
641,V N,V N,V N,VBP N
642,V N,V N,V N,VBP N
643,V N,V N,V N,VBP N
644,V NM N,V NM N,V N N,VBP N N
645,V V N,V V N,V N N,VBP N N
646,V NM N,V NM N,V N N,VBP N N
647,V NM NM N,V NM NM N,V N N N,VBP N N N
648,V NM NM V NM N,V NM NM NM NM N,V N N N N NM,VBP N N VBP N N
649,V NM N,V NM N,V N N,VBP N N
650,V NM N,V NM N,V NM N,VBD N V
651,V N,V DT,V NM,VBZ N
652,NM N,DT N,FAILURE FAILURE,NM N
653,NM N,DT N,FAILURE FAILURE,NM N
654,V,V,V,VBP
655,V V N,V V N,V N N,VBP N N
656,V NM N,V NM N,V N N,VBP N N
657,V NPL,V N,V N,VBP NPL
658,V N,V N,V N,VBP N
659,NM NM N,V NM N,V N N,NM N N
660,NM,V,N,VBP
661,V NM NM N,V NM NM N,V NM N N,VBP NM N N
662,V N,V N,V N,VBP N
663,NM P NM N,FAILURE FAILURE FAILURE FAILURE,V P N N,VBP P N N
664,V,V,V,VBP
665,NM P NM N,FAILURE FAILURE FAILURE FAILURE,V P N N,VBP P N N
666,V NM,V N,V NM,VBZ NM
667,V NM N,V NM N,V N N,VBP N N
668,V,V,V,VBP
669,V NM NM N,V NM NM N,V N N N,VBP N N N
670,V NM NM N,V NM NM N,V N N N,VBP N N N
671,PRE N,V N,N V,NM N
672,NM,V,V,N
673,V,V,V,VBP
674,V NM N,V NM N,V N N,VBP N N
675,V NM NM N,V NM NM N,V N N N,VBP N N N
676,V N P N,V N P N,V N P N,VBP N P N
677,V NM NM N,V NM NM N,V N N N,VBP N N N
678,NM V NM N,V V NM N,V N N N,N VBP N N
679,PRE,V,N,N
680,V NM N,V NM N,V N N,VBP N N
681,NM N,FAILURE FAILURE,N V,N N
682,NM N,FAILURE FAILURE,N V,N N
683,V N,V N,V N,VBP N
684,V N,V N,V N,VBP N
685,V NM N,V NM N,V N N,VBP N N
686,V NM N,V NM N,V NM N,VBP N N
687,NM N,V N,V N,NM N
688,V NM N,V NM N,V NM N,VBP N N
689,V NM N,V NM N,V NM N,VBP NM N
690,V NM NM N,V NM NM N,V NM N N,VBP N N N
691,V N,V N,V N,VBP N
692,NM P V NPL,FAILURE FAILURE FAILURE FAILURE,V P N N,VBP P VBN NPL
693,V NM NPL P NM NPL,V NM N P NM N,V NM N P N N,VBP NM NPL P VBN NPL
694,PRE NM V,V NM N,N N V,N N V
695,V,V,V,VBP
696,NM P NM NPL,FAILURE FAILURE FAILURE FAILURE,V P N N,VBP P N NPL
697,V N,V N,V N,VBP V
698,PRE N,V N,N V,N N
699,V NM NM N,V NM NM N,V N N N,VBP N N N
700,V V NM NM NM N,V V NM NM NM N,V N N N N N,VBP N N N VBZ N
701,N NM NM NM NM N,FAILURE FAILURE FAILURE FAILURE FAILURE FAILURE,FAILURE FAILURE FAILURE FAILURE FAILURE FAILURE,VBP N N N N N
702,V V NM NM NM NPL,V NM DT NM NM N,FAILURE FAILURE FAILURE FAILURE FAILURE FAILURE,VBP VM NM N N NPL
703,V NM NM NM N D,V NM NM NM N D,V NM N N N N,VBP NM N N N D
704,V NM NM NM N D,V NM NM NM N D,V NM N N N N,VBP NM N N N D
705,V NM NM NM N D,V NM NM NM N D,V NM N N N N,VBP NM N N N D
706,V NM VM P NM P NM NPL,V NM N P NM NM NM N,FAILURE FAILURE FAILURE FAILURE FAILURE FAILURE FAILURE FAILURE,VBP NM VBZ P N P VBG NPL
707,V NM VM P NM N,V NM N P NM N,FAILURE FAILURE FAILURE FAILURE FAILURE FAILURE,VBP NM VBZ P N N
708,V N V,NM N V,V N N,VBP N VBG
709,V NM N,V NM N,V N N,VBZ N N
710,V NM N,V NM N,V N N,VBZ N N
711,V NM N,V NM N,V N N,VBP N N
712,V N,V N,V N,VBP N
713,V NPL,V N,V N,VBP NPL
714,V NPL,V N,V N,VBP NPL
715,V NM N,V NM N,V N N,VBD N N
716,V N,V N,V N,VBP N
717,V N,V N,V N,VBD N
718,V NPL,V N,V N,VBD NPL
719,V NPL P N,V N P N,V N N N,VBP NPL P N
720,V NPL P N,V N P N,V N N N,VBP NPL P N
721,V NPL P N,V N P N,V N N N,VBP NPL P N
722,V NPL,V N,V N,VBP NPL
723,V NM NPL,V NM N,V N N,VBP N NPL
724,V N,V N,V N,VBP N
725,V NPL P N,V N P N,V N N N,VBP NPL P N
726,V NPL P N,V N P N,V N N N,VBP NPL P N
727,V NM NPL,V NM N,V NM N,VBP NM NPL
728,V NM NPL,V NM N,V NM N,VBP NM NPL
729,V NM N,V NM N,V NM N,VBP N N
730,V NM NPL P N,V NM N P N,V NM N N N,VBP NM NPL P N
731,V NM N P N,V NM N P N,V NM N N N,VBP N N P N
732,V NM N,V NM N,V NM N,VBP N N
733,V,V,V,VBP
734,V,V,V,VBP
735,V NPL,V N,V N,VBP NPL
736,V NPL,V N,V N,VBP NPL
737,V NM N,V NM N,V N N,VBP N N
738,V CJ NM NM NPL,V NM NM DT N,V N N NM N,V CJ V NM NPL
739,NM NM N,V NM N,V N N,N N N
740,V NPL,V N,V N,VBP NPL
741,V N,V N,V N,VBP N
742,V NM N,V NM N,V NM N,VBP N N
743,N V,N P,N V,N VBN
744,N V,N V,N NM,N N
745,V NPL,V N,V N,VBP NPL
746,V N,V N,V N,VBD N
747,V N,V N,V N,VBD N
748,V,V,V,VBP
749,V NM N,V NM N,V NM N,VBP N N
750,V N,V N,V N,VBP N
751,NPL V,N P,N V,NPL VBN
752,V N,V N,V N,VBP N
753,V NM N,V NM N,V N N,VBP N N
754,V N,V N,V N,VBP N
755,PRE N,V N,N V,N N
756,V NM N,V NM N,V NM N,VBP NM N
757,V N,V N,V N,VBP N
758,NM P N,FAILURE FAILURE FAILURE,V P N,VBP P N
759,NM P N,FAILURE FAILURE FAILURE,V P N,VBP P N
760,V NPL,V N,V N,VBP NPL
761,V N,V V,V N,VBP N
762,V P NM NM NPL,V NM NM NM N,V NM N N N,VBP P N N NPL
763,V NM,V N,V NM,VBZ NM
764,N V,N P,N V,N VBD
765,N N,NM N,V N,N N
766,N NM,NM N,V NM,N NM
767,V V,N P,N V,VM VBD
768,NM N,NM N,N V,VBP N
769,NM NM,NM N,N V,VBP NM
770,NM NM,V N,N V,VBP NM
771,V P NM NM NPL,V NM NM NM N,V NM N N N,VBP P N N NPL
772,N V,N P,N V,N VBD
773,NM NM,V N,V NM,N NM
774,NM NM,V N,N V,VBP NM
775,V NM NM N,V NM NM N,V NM N N,VBP NM N N
776,V NM NM N,V NM NM N,V N N N,VBP N N V
777,NM N,V N,V N,N N
778,V NM NM N,V NM NM N,V N N N,VBP N N N
779,V NM N,V NM N,V NM N,VBP N N
780,V NM N,V NM N,V N N,VBP NM N
781,NM N,V N,V N,N N
782,V NM NM N,V NM NM N,V N N N,VBP N N N
783,V NM N,V NM N,V N N,VBP N N
784,V N,V N,V N,VBP N
785,V NM N,V NM N,V N N,VBP N N
786,V N,V N,V N,VBP N
787,V N,V N,V N,VBD N
788,V NM NPL,V NM N,V N N,VBP N NPL
789,V N,V N,V NM,VBP N
790,V N,V N,V N,VBP NM
791,V NM N,V NM N,V N N,VBP N N
792,V NM N,V NM N,V N N,VBP NM N
793,V NM N,V NM N,V N N,VBP N N
794,NM NM N,V NM N,N N V,VBP N N
795,V N,V N,V N,VBP N
796,V NM N,V NM N,V NM N,VBP NM N
797,NM NM NM P,NM NM NM N,FAILURE FAILURE FAILURE FAILURE,NM NM N P
798,V NM N,V NM N,V N N,VBP N N
799,NM,N,NM,VM
800,NM,DT,V,VBP
801,N,N,NM,NM
802,N,N,NM,NM
803,V N,V N,V N,VBP N
804,V NM N,V NM N,V N N,VBP N N
805,V NM N,V NM N,V N N,VBP N N
806,V N,V N,V N,VBP N
807,NM,V,V,N
808,PRE,V,V,NPL
809,V NM NM N,V NM NM N,V N N N,VBP N N N
810,V NM N,V NM N,V NM N,VBP N N
811,V NM N,V NM N,V N N,VBP N N
812,V N,V N,V N,VBP N
813,V N,V N,V N,VBP N
814,V N P N,V N P N,V N P N,VBD N P N
815,V N,V N,V N,VBP N
816,V N,V N,V N,VBP N
817,V NPL,V N,V N,VBP NPL
818,V NM N,V NM N,V N N,VBP N V
819,V NM N,V NM N,V N N,VBP N V
820,V N,V N,V N,VBP N
821,V NM N,V NM N,V N N,VBP N N
822,V NM N,V NM N,V NM N,VBP N N
823,V NM N,V NM N,V N N,VBP N N
824,V N,V N,V N,VBP N
825,V NM N,V NM N,V NM N,VBP N N
826,V NM N,V NM N,V N N,VBP N N
827,V N P N,V N P N,V N P N,VBP N P N
828,V NM N,V NM N,V N N,VBP N V
829,V NM NPL,V DT N,V NM N,VBZ NM NPL
830,NM N,DT N,NM N,NM N
831,V NM N,V NM N,V N N,VBD N N
832,V NM N,V NM N,V N N,VBP N N
833,V N,V N,V N,VBP N
834,V NPL,V N,V N,VBP NPL
835,V N,V N,V N,VBP N
836,V N,V N,V N,VBD N
837,V NM N,V NM N,V NM N,VBP N N
838,V N,V N,V N,VBP N
839,V NPL,V N,V N,VBP NPL
840,V N,V N,V N,VBP N
841,V NPL,V N,V N,VBP NPL
842,V N,V N,V N,VBP N
843,V N,V N,V N,VBP N
844,V NM N,V NM N,V NM N,VBP N N
845,V DT NPL,V DT N,V P N,VBP DT NPL
846,NM N,V N,N N,VBP N
847,NM,V,V,N
848,V N,V N,V N,VBP N
849,V N,V N,V N,VBP V
850,V NM N,V NM N,V N N,VBP N N
851,V P NM N,V NM NM N,V NM N N,VBP P N N
852,V NM N,V NM N,V N N,VBP N N
853,V NM N,V NM N,V N N,VBP N N
854,V NM N,V NM N,V N N,VBP N N
855,P NM N,P NM N,P NM N,P N N
856,V D,V D,V N,VBP D
857,N,N,NM,N
858,V NM N,V NM N,V N N,VBD N N
859,V N,V N,V N,VBP N
860,V NM NM N,V NM NM N,V N N N,VBP V N N
861,V N,V N,V N,VBP N
862,V N,V N,V N,VBP N
863,V NM N,V NM N,V N N,VBP N N
864,V NM NM N,V NM NM N,V N NM N,VBP N N N
865,V NM NM NM N,V NM NM NM N,V N N NM N,VBP N N N N
866,V NM NPL N P N,V NM NM N P N,V N N N P N,VBP N NPL N P N
867,V NM N P N,V NM N P N,V N N P N,VBP N N P N
868,V NM N P NM N,V NM N P NM N,V N N P N N,VBP N N P N N
869,V NM NM N,V NM NM N,V N N N,VBP N N N
870,V N,V N,V N,VBP N
871,V N,V N,V N,VBP N
872,V NM N,V NM N,V N N,VBP N N
873,V NM NM N,V NM NM N,V N N N,VBP N N N
874,V N,V N,V N,VBP N
875,V NM N,V NM N,V N N,VBP NM N
876,V N,V N,V N,VBP N
877,V NPL,V N,V N,VBP NPL
878,V D N,V NM N,V NM N,VBP D N
879,V V N,V V N,V N N,VBP N N
880,V,V,V,VBP
881,V N,V N,V N,VBP N
882,V N,V N,V N,VBP N
883,V N,V N,V N,VBP N
884,V CJ N,V NM N,V N N,VBP CJ N
885,V DT NPL,V DT N,V P N,VBP DT NPL
886,V N,V N,V N,VBP N
887,VM N,N V,V N,VBP N
888,V NM N,V NM N,V N N,VBP N N
889,V NM NM NPL,V NM NM N,V N N N,VBP N N NPL
890,V NM N,V NM N,V NM N,VBP N N
891,V NM N,V NM N,V N N,VBP N N
892,V,V,V,VBP
893,V NM,V N,V V,VBZ VBN
894,V NM N,V NM N,V N N,VBD N N
895,V NM N,V NM N,V N N,VBD N N
896,V,V,V,VBP
897,V N,V N,V N,VBP N
898,V N,V N,V N,VBP N
899,V N,V N,V N,VBP N
900,V NM N,V NM N,V N N,VBP N N
901,V NM N,V NM N,V N N,VBP N N
902,NM,V,V,N
903,V,V,V,VBP
904,V N,V N,V N,VBP N
905,V NM,V N,V V,VBZ VBN
906,V NM N,V NM N,V N N,VBP N N
907,V N,V N,V N,VBP N
908,NM P N,FAILURE FAILURE FAILURE,V P N,VBP P V
909,V N,V N,V N,VBP N
910,V N,V N,V N,VBP N
911,V NM N,V NM N,V N N,VBP N N
912,V N,V N,V N,VBP N
913,V NM N,V NM N,V N N,VBP NM N
914,V N,V DT,V NM,VBD N
915,V,V,V,VBP
916,V N,V N,V N,VBP N
917,V NM N,V NM N,V N N,VBP N N
918,V NM NM N,V NM NM N,V NM N N,VBP NM N N
919,V NM N,V NM N,V NM N,VBP N N
920,V NM,V N,V V,VBZ VBN
921,V N,V N,V N,VBZ VBN
922,V N,V N,V V,VBZ N
923,V NM,V N,V NM,VBZ NM
924,NM NM,V N,N V,VBD VBN
925,V N,V N,V N,VBD N
926,NM N,V N,N V,VBD N
927,V N,V N,V N,VBP NM
928,V NM NPL,V NM N,V N N,VBP N NPL
929,V DT NPL,V DT N,V P N,VBP DT NPL
930,V DT,V DT,V N,VBP DT
931,V N,V N,V N,VBD N
932,V NM N,V NM N,V NM N,VBP NM N
933,V N,V N,V N,VBZ N
934,V NM N,V NM N,V N N,VBP N N
935,V N,V N,V N,VBP N
936,V NM N,V NM N,V N N,VBP N N
937,V N,V N,V N,VBP N
938,V,V,V,VBP
939,V NM NPL,V NM N,V N N,VBD N NPL
940,N V,N P,N V,VBP VBN
941,V NM N,V NM N,V N N,VBP N N
942,V NPL,V N,V N,VBP NPL
943,V NPL,V N,V N,VBP NPL
944,V NM N,V NM N,V NM N,VBP N N
945,V N,V N,V N,VBP N
946,V,V,V,VBP
947,V NM N,V NM N,V N N,VBP N N
948,V NM N,V NM N,V N N,VBP N N
949,NM NM N,V NM N,NM N V,VBD N N
950,NM NM N,NM NM N,NM N V,NM N N
951,PRE N,V N,N N,N N
952,V N,NM N,V N,VBP N
953,V NM N,V NM N,V N N,VBP N N
954,V NM N,V NM N,V N N,VBP N N
955,V N,V N,V N,VBP N
956,V N D,V N D,V N N,VBP N D
957,V V NM CJ NM N,V NM NM NM NM N,V NM N N NM N,VBP VM NM CJ NM N
958,V NM N,V NM N,V NM N,VBP VBN V
959,V NM N,V NM N,V NM N,VBP VBN V
960,V N N,NM N P,V N N,VBP N VBN
961,V NM N,V NM N,V N N,VBP N N
962,V NM N,V NM N,V NM N,VBP NM N
963,V N,V N,V N,VBP N
964,V N,V N,V N,VBP N
965,V N,V N,V N,VBP N
966,V N,V N,V N,VBP N
967,V NM N,V NM N,V N N,VBP N N
968,NM,V,V,N
969,V,V,V,VBP
970,V,V,V,VBP
971,V NM N,V NM N,V N N,VBP N N
972,V N,V N,V N,VBP N
973,V N,V N,V N,VBP N
974,V N,V N,V N,VBP N
975,V NM N,V NM N,V N V,VBZ N N
976,V NM NM N,V NM NM N,V N N N,VBP N N N
977,V,V,V,VBP
978,V N,V N,V N,VBP N
979,V NM NPL,V NM N,V N N,VBD N NPL
980,V NM V,V NM N,V N V,VBP N VBD
981,V NM NM N,V NM NM N,V N N N,VBD N N N
982,V N,V N,V N,VBD N
983,V NM N,V NM N,V N N,VBP N N
984,V NM NPL,V NM N,V NM N,VBP NM NPL
985,V NM NM NM N,V NM NM NM N,V N N N N,VBP N N V N
986,V NM NM N,V NM NM N,V N N N,VBP N N N
987,V NM NM N,V NM NM N,V NM N N,VBZ N N N
988,V NM N,V NM N,V N N,VBP N N
989,V NM N,V NM N,V N N,VBP N N
990,V N P,V N P,V N P,VBP N P
991,V NM N,V NM N,V N N,VBP N V
992,V NM N,V NM N,V N N,VBP N N
993,V NM N,V NM N,V N NM,VBZ N N
994,V N P,V N P,V N P,VBD N P
995,V N,V N,V N,VBP N
996,N N,FAILURE FAILURE,N N,VBP N
997,V NM N,V NM N,V N N,VBP N N
998,V N,V N,V N,VBP N
999,V N,V N,V N,VBP N
1000,V N,V N,V N,VBP N
1001,V N,V N,V N,VBP N
1002,V N,V N,V N,VBP N
1003,V N,V N,V N,VBP N
1004,V NM N,V NM N,V N N,VBP N N
1005,V NM NM N,V NM NM N,V N N N,VBP N N N
1006,V NM N,V NM N,V N N,VBP N N
1007,V N,V N,V N,VBP N
1008,V NM N,V NM N,V N V,VBZ N N
1009,V N,V N,V N,VBP N
1010,V N,V N,V N,VBP N
1011,N V,N P,N V,N VBN
1012,V NPL P N,V N P N,V N P N,VBP NPL P N
1013,V NPL,V N,V N,VBP NPL
1014,V N,V N,V N,VBP N
1015,NM P N,FAILURE FAILURE FAILURE,N N V,N D N
1016,NM N,V N,V N,N N
1017,V,V,V,VBP
1018,NM P N,FAILURE FAILURE FAILURE,V P N,VBP P N
1019,V NM N P NM NM N,V NM N P NM NM N,FAILURE FAILURE FAILURE FAILURE FAILURE FAILURE FAILURE,VBP N N P N N N
1020,N V,N P,N V,N VBD
1021,V NM N,V NM N,V N N,VBP N N
1022,V NM N,V NM N,V N N,VBP N N
1023,V,V,V,VBP
1024,V,V,V,VBP
1025,V N,V N,V N,VBP N
1026,V NM N,V NM N,V NM N,VBP N N
1027,V NPL,V N,V N,VBP NPL
1028,V NM NM N,V NM NM N,V N N N,VBP N V N
1029,V N,V N,V N,VBD N
1030,V NM N,V NM N,V N N,VBD N N
1031,V NM N,V NM N,V N N,VBP N N
1032,V N,V N,V N,VBP N
1033,V N,V N,V N,VBD N
1034,V N,V N,V N,VBP N
1035,V NM,V N,V NM,VBZ NM
1036,V NM N,V NM N,V NM N,VBP N N
1037,V NM NPL,V NM N,V N N,VBP NM NPL
1038,V NM N,V NM N,V N N,VBP N N
1039,V NM NM NM N P NPL,V NM NM NM N P N,V N N N N P N,VBP NM N N N P NPL
1040,V,V,V,VBP
1041,V NM N,V NM N,V N N,VBP N N
1042,V N,V N,V N,VBP N
1043,NM N,NM N,N V,N N
1044,V,V,V,VBP
1045,V NPL,V N,V N,VBP NPL
1046,V N,V N,V N,VBP N
1047,V NM N,V NM N,V N N,VBP N V
1048,V NM N,V NM N,V N N,VBP N N
1049,V NM N,V NM N,V N N,VBP N N
1050,V NM NPL,V NM N,V N N,VBP N NPL
1051,V NM N,V NM N,V NM N,VBP N N
1052,V NM NM N,V NM NM N,V NM N N,VBP N N N
1053,V NM N,V NM N,V N N,VBP V N
1054,V NM N,V NM N,V N N,VBP N N
1055,V NM N,V NM N,V N N,VBP N N
1056,V NM N,V NM N,V N N,VBP N N
1057,V N,V N,V N,VBP N
1058,V V N,V V N,V N N,VBP N N
1059,NM CJ N,FAILURE FAILURE FAILURE,V N N,VBP P N
1060,V N,V N,V N,VBP N
1061,V CJ N,V NM N,V N N,VBP CJ VBP
1062,V N,V N,V N,VBP N
1063,V N,V N,V N,VBD N
1064,V NM NPL,V NM N,V N N,VBD N NPL
1065,V N,V N,V N,VBP N
1066,V N,V N,V N,VBD N
1067,V NM NM N,V NM NM N,V N N V,VBZ N N N
1068,V NM NM N,V NM NM N,V N N V,VBP N N N
1069,V NM NM NM,V NM NM N,V N N V,VBZ V N VBN
1070,V NM NM N N,V NM NM NM N,V N N V V,VBP V N N N
1071,V NM N,V NM N,V N N,VBP N N
1072,V NM N,V NM N,V N N,VBD N N
1073,V NM N,V NM N,V N N,VBP N N
1074,V NM N,V NM N,V N N,VBD N N
1075,V NM N,V NM N,V N N,VBP N N
1076,V NM N,V NM N,V N N,VBD N N
1077,V NM N,V NM N,V N N,VBP N N
1078,V NM N,V NM N,V N N,VBP N N
1079,V NM N,V NM N,V N N,VBP N N
1080,N V,N V,N NM,N N
1081,V NM N,V NM N,V N N,VBP N N
1082,V NM NM N,V NM NM N,V N N N,VBP N N N
1083,V NM NM N,V NM NM N,V N N N,VBP N N N
1084,V NM N,V NM N,V N N,VBP N N
1085,V N,V N,V N,VBP N
1086,V N,V N,V N,VBP N
1087,V N,V N,V N,VBP N
1088,V N,V N,V N,VBP N
1089,V NM N,V NM N,V N N,VBP N N
1090,V NM N,V NM N,V N N,VBP N N
1091,V N,V N,V N,VBP N
1092,V NPL,V N,V N,VBP NPL
1093,V N,V N,V N,VBP N
1094,V,V,V,VBP
1095,P N,P N,P N,P N
1096,V N,V N,V N,VBP N
1097,NM,V,N,VBP
1098,NM NM N,V NM N,N N V,VBP N N
1099,NM NPL,V N,N V,VBP NPL
1100,NPL N,NM N,N V,NPL VBZ
1101,NPL N,NM N,N V,NPL VBZ
1102,V NM N P N,V NM N P N,V N N P N,VBP N N P N
1103,V NM N P N,V NM N P N,V N N P N,VBP N N P N
1104,V N,V N,V N,VBP N
1105,V NM N,V NM N,V N N,VBP N N
1106,V NM N,V NM N,V N N,VBP N N
1107,V NM N,V NM N,V N N,VBP N N
1108,V NM VM,V NM N,FAILURE FAILURE FAILURE,VBP N VM
1109,V N,V N,V N,VBP N
1110,V N,V N,V N,VBD N
1111,V NM NPL,V NM N,V N N,VBP N NPL
1112,V NM NPL,V NM N,V N N,VBP N NPL
1113,V N,V N,V N,VBP N
1114,V N,V N,V N,VBD N
1115,V NPL,V N,V N,VBP NPL
1116,V NPL,V N,V N,VBD NPL
1117,V NM N,V NM N,V N N,VBP NM N
1118,V NM N,V NM N,V N N,VBD NM N
1119,V NM N,V NM N,V N N,VBP N N
1120,V NM N,V NM N,V N N,VBP N N
1121,V N,V N,V N,VBP N
1122,NM P N,FAILURE FAILURE FAILURE,V P N,VBP P N
1123,NM P N,FAILURE FAILURE FAILURE,V P N,VBP P N
1124,V NPL,V N,V N,VBP NPL
1125,NM N,NM N,V N,NM N
1126,V NM N,V NM N,V N N,VBP N N
1127,V NM N,V NM N,V N N,VBD N N
1128,V N,V N,V N,VBD N
1129,V N,V N,V N,VBP N
1130,V N,V N,V N,VBP N
1131,V NM N,V NM N,V N NM,VBZ N N
1132,V NPL,V N,V N,VBP NPL
1133,NM P DT N,FAILURE FAILURE FAILURE FAILURE,V P NM N,VBP P N N
1134,V NM N,V NM N,V N N,VBP N N
1135,V NM NM N,V NM NM N,V NM N N,VBP N N N
1136,PRE NM N,V NM N,N N N,N N N
1137,PRE NPL N,V NM N,N N N,N NPL N
1138,V NM N,V NM N,V NM N,VBP N N
1139,V N,V N,V N,VBP N
1140,P NM N,NM NM N,P N N,P N N
1141,P NM NM N,NM NM NM N,P N N N,P N N N
1142,P NM N,NM NM N,P N N,P N N
1143,V N,V N,V N,VBD N
1144,V N,V N,V N,VBP N
1145,V N,V N,V N,VBP N
1146,V NPL,V N,V N,VBP NPL
1147,V N V NM NPL,V N P NM N,V N P N N,VBP N N N NPL
1148,V NM N,V NM N,V NM N,VBP NM N
1149,V,V,V,VBP
1150,V NM N,V NM N,V N N,VBP N N
1151,V N,V N,V N,VBP N
1152,V NM N,V NM N,V N N,VBP N N
1153,V N,V N,V N,VBP N
1154,V N,V N,V N,VBD N
1155,V,V,V,VBP
1156,V NM N,V NM N,V N N,VBP NM N
1157,V NM N,V NM N,V N N,VBD N N
1158,V NM N,V NM N,V N N,VBP N N
1159,V NM NPL,V NM N,V NM N,VBP NM NPL
1160,V NM NPL,V NM N,V NM N,VBP NM NPL
1161,V NM N,V NM N,V N N,VBP N N
1162,V N,V N,V N,VBP N
1163,V NM NM NM N,V NM NM NM N,V N N N N,VBP N N VBG N
1164,V NM NM NM N,V NM NM NM N,V N N N N,VBP N N VBG N
1165,P N,P N,P N,P N
1166,V NM N,V NM N,V N N,VBP N N
1167,V N,V N,V NM,VBP N
1168,V N,V N,V N,VBP V
1169,V N,V N,V N,VBP V
1170,V NM NPL,V NM N,V NM N,VBP VBN NPL
1171,V NM N,V NM N,V N N,VBP V N
1172,V NM NM N,V NM NM N,V N N N,VBZ N N N
1173,V NM N,V NM N,V N N,VBP V N
1174,V N,V N,V N,VBP N
1175,V NM N,V NM N,V N N,VBZ N N
1176,V N,V N,V N,VBP N
1177,NM P N,FAILURE FAILURE FAILURE,V P N,VBP P N
1178,N P N,FAILURE FAILURE FAILURE,FAILURE FAILURE FAILURE,VBP P N
1179,V N,V N,V N,VBP N
1180,V N P N,V N P N,V N P N,VBP N P N
1181,V N,V N,V N,VBP N
1182,V N,V N,V N,VBP N
1183,V NM NM N,V NM NM N,V N NM N,VBP N N N
1184,V NM NPL,V NM N,V NM N,VBP VBG NPL
1185,V,V,V,VBP
1186,N V,N P,N V,VBP VBN
1187,V N,V N,V N,VBP N
1188,V,V,V,VBP
1189,V NM N,V NM N,V N N,VBP N N
1190,V NM NM N,V NM NM N,V N N N,VBP N N N
1191,V NM N,V NM N,V N N,VBP N N
1192,V NM N,V NM N,V N N,VBP N N
1193,V NM N,V NM N,V N N,VBP N N
1194,P NM NPL,P NM N,P N N,P N NPL
1195,P NM NPL,P NM N,P N N,P N NPL
1196,NM N,V N,N V,VBP N
1197,V NM N,V NM N,V N N,VBP N N
1198,V NPL,V N,V N,VBP NPL
1199,V NM NPL,V NM N,V N N,VBP N NPL
1200,V N,V N,V N,VBP N
1201,V NM N,V NM N,V N N,VBP N N
1202,N,N,N,N
1203,V,V,V,VBP
1204,N,N,N,N
1205,V NM N,V NM N,V N V,VBZ N N
1206,V NM N,V NM N,V N V,VBZ N N
1207,V NM N,V NM N,V N V,VBZ N N
1208,V NM N,V NM N,V N V,VBZ N N
1209,V NM N,V NM N,V NM N,VBP NM N
1210,V NM N,V NM N,V NM N,VBP N N
1211,V N,V N,V N,VBD N
1212,V N,V N,V N,VBP N
1213,V N,V N,V N,VBP N
1214,V N,V N,V N,VBP N
1215,V N,V N,V N,VBP N
1216,V NM NPL,V NM N,V NM N,VBP NM NPL
1217,V NM N,V NM N,V N N,VBP N N
1218,V NM N,V NM N,V N N,VBP NM N
1219,V NPL,V N,V N,VBP NPL
1220,V NM NPL,V NM N,V N N,VBP N NPL
1221,V NM NM N,V NM NM N,V N N N,VBP NM N N
1222,V NM N,V NM N,V N N,VBP N N
1223,V NM NPL,V NM N,V N N,VBP NM NPL
1224,V NM NPL,V NM N,V N N,VBP NM NPL
1225,V NM N,V NM N,V N N,VBP N N
1226,NM P,FAILURE FAILURE,V P,VBP P
1227,V N,V N,V N,VBP N
1228,V NM N,V NM N,V N NM,VBP N N
1229,V,V,V,VBP
1230,V N,V N,V N,VBP N
1231,V N,V N,V N,VBP N
1232,V N,V N,V N,VBP N
1233,V N,V N,V N,VBP N
1234,V NPL,V N,V N,VBP NPL
1235,NM NM N,NM NM N,NM N N,NM N N
1236,NM NM N,NM NM N,NM N N,NM N N
1237,V,V,V,VBP
1238,V NPL,V N,V N,VBP NPL
1239,P N,P N,P N,P V
1240,V N,V N,V N,VBP N
1241,V NM N,V NM N,V N N,VBP N N
1242,V N,V N,V N,VBP N
1243,V NM,V N,V V,VBZ VBN
1244,V N P NM N,V N P NM N,V N P N N,VBZ N P N N
1245,V NM N,V NM N,V N N,VBP N N
1246,V N,V N,V N,VBP N
1247,V NM NPL,V NM N,V NM N,VBP NM NPL
1248,V,V,V,VBP
1249,V,V,V,VBP
1250,NM N,V N,V N,N N
1251,V N,V N,V N,VBD N
1252,V NM NPL,V NM N,V N N,VBD N NPL
1253,V NM NPL,V NM N,V N N,VBP N NPL
1254,V NM N,V NM N,V NM N,VBP N N
1255,V NM N,V NM N,V NM N,VBD N N
1256,V NM NPL,V NM N,V NM N,VBP NM NPL
1257,V NM N,V NM N,V N N,VBP N N
1258,V NM N,V NM N,V N N,VBD N N
1259,V NM N,V NM N,V N N,VBP N N
1260,V NM N,V NM N,V N N,VBD N N
1261,V NPL,V N,V N,VBP NPL
1262,V NPL,V N,V N,VBD NPL
1263,V N,V N,V N,VBP N
1264,V NM NM N,V NM NM N,V N N N,VBP N N N
1265,V NM NM N,V NM NM N,V N N N,VBD NM N N
1266,V NM N,V NM N,V N N,VBP V N
1267,V NM N,V NM N,V N N,VBZ NM N
1268,V NM N,V NM N,FAILURE FAILURE FAILURE,VBD N N
1269,V NM N,V NM N,FAILURE FAILURE FAILURE,VBZ N N
1270,V N,V N,V N,VBZ N
1271,V N,V N,V N,VBD N
1272,V NM N,V NM N,V N N,VBZ N N
1273,V NM N,V NM N,V N N,VBD N N
1274,V NPL,V N,V N,VBD NPL
1275,V NPL,V N,V N,VBP NPL
1276,V NPL,V N,V N,VBD NPL
1277,V NPL,V N,V N,VBP NPL
1278,V NPL,V N,V N,VBD NPL
1279,V NPL,V N,V N,VBP NPL
1280,V N,V N,V N,VBD N
1281,V NM N,V NM N,V N N,VBP VBG N
1282,V NM N,V NM N,V N N,VBP VBG N
1283,V N,V N,V N,VBP N
1284,V NPL,V N,V N,VBD NPL
1285,V NM NM NPL,V NM NM N,V N N N,VBP N N NPL
1286,V NM NM NPL,V NM NM N,V N N N,VBD N N NPL
1287,V NM NPL,V NM N,V NM N,VBZ VBG NPL
1288,V NM NPL,V NM N,V NM N,VBP VBG NPL
1289,V NM N,V NM N,V NM N,VBP VBG N
1290,V NM NPL,V NM N,V NM N,VBP NM NPL
1291,V N,V N,V N,VBZ N
1292,V NPL,V N,V N,VBZ NPL
1293,V NPL,V N,V N,VBP NPL
1294,V NM NM NPL,V NM NM N,V N N N,VBZ N N NPL
1295,V NM NM N,V NM NM N,V N N N,VBP N N N
1296,V NM NM N,V NM NM N,V N N N,VBP N N N
1297,V NM NM NPL,V NM NM N,V N N N,VBP N N NPL
1298,V NM NM NPL,V NM NM N,V N N N,VBZ N N NPL
1299,V NM NM N,V NM NM N,V N N N,VBP N N N
1300,V NM NM N,V NM NM N,V N N N,VBP N N N
1301,V NM NM NPL,V NM NM N,V N N N,VBP N N NPL
1302,V NM NM NPL,V NM NM N,V N N N,VBZ N N NPL
1303,V NM NM N,V NM NM N,V N N N,VBP N N N
1304,V NM NM NPL,V NM NM N,V N N N,VBP N N NPL
1305,V NM NM NPL,V NM NM N,V NM N N,VBZ NM N NPL
1306,V NM NM N,V NM NM N,V NM N N,VBP NM N N
1307,V NM NM N,V NM NM N,V NM N N,VBP NM N N
1308,V NM NM NPL,V NM NM N,V NM N N,VBP NM N NPL
1309,V N,V N,V N,VBP N
1310,V NM N,V NM N,V N N,VBP N N
1311,V NPL,V N,V N,VBP NPL
1312,V NM N,V NM N,V N N,VBP N N
1313,V N,V N,V N,VBP N
1314,V N,V N,V N,VBP N
1315,V N,V N,V N,VBD N
1316,V N,V N,V N,VBP N
1317,V N,V N,V N,VBP N
1318,V N,V N,V N,VBP N
1319,V N,V N,V N,VBD N
1320,V NM NPL,V NM N,V N N,VBZ VBZ NPL
1321,NM NM NPL,V NM N,V N N,N VBZ NPL
1322,V N,V N,V N,VBP N
1323,V N,V N,V N,VBD N
1324,V V P N,V N P N,V N P N,VBZ VBN P N
1325,V N P N,V N P N,FAILURE FAILURE FAILURE FAILURE,VBD VBN P N
1326,V NM N,V NM N,V N N,VBP NM N
1327,V,V,V,VBP
1328,V NM NPL,V NM N,V NM N,VBP NM NPL
1329,V NM NPL P NM N,V NM N P NM N,V NM N P N N,VBP NM NPL P N N
1330,NM,V,V,N
1331,V N P NM N,V N P NM N,V N P NM N,VBP N P NM N
1332,V N P NM N,V N P NM N,V N P NM N,VBP N P NM N
1333,V N P NM N,V N P NM N,V N P NM N,VBP N P N N
1334,V N P NM N,V N P NM N,V N P NM N,VBP N P N N
1335,V,V,V,VBP
1336,N P NM NM N,FAILURE FAILURE FAILURE FAILURE FAILURE,FAILURE FAILURE FAILURE FAILURE FAILURE,VBD P N N N
1337,N P NM N,FAILURE FAILURE FAILURE FAILURE,FAILURE FAILURE FAILURE FAILURE,VBD P N N
1338,V NM N,V NM N,V NM N,VBP N N
1339,V,V,V,VBP
1340,V NM N,V NM N,V NM N,VBP N N
1341,V NM N,V NM N,V NM N,VBP N N
1342,V NM N,V NM N,V N N,VBP N N
1343,V,V,V,VBP
1344,NM P NM N,FAILURE FAILURE FAILURE FAILURE,V P NM N,VBP P NM N
1345,N P N,FAILURE FAILURE FAILURE,FAILURE FAILURE FAILURE,VBD P N
1346,N P,NM N,FAILURE FAILURE,N P
1347,NM P NM NM N,NM NM NM NM N,N P NM N N,N P N N N
1348,NM P NM NM N,NM NM NM NM N,N P NM N N,N P N N N
1349,V N,V N,V N,VBP N
1350,V N,V N,V N,VBD N
1351,V NM N,V NM N,V NM N,VBP N N
1352,V N,V N,V N,VBP N
1353,V N,V N,V N,VBP N
1354,V N,V N,V N,VBD N
1355,V NPL,V N,V N,VBP NPL
1356,V NM NM N,V NM NM N,V N N N,VBD N N N
1357,V NPL,V N,V N,VBP NPL
1358,V NM NM N,V NM NM N,V N N N,VBD N N N
1359,V N,V N,V N,VBP N
1360,V N,V N,V N,VBD N
1361,V NM N,V NM N,V NM N,VBZ NM N
1362,V NM,V N,V V,VBZ VBN
1363,NM NM,V N,N V,VBD VBN
1364,V NPL,V N,V N,VBP NPL
1365,V NM N,V NM N,V N NM,VBZ N N
1366,V N,V N,V N,VBD N
1367,V N,V N,V N,VBP N
1368,V N,V N,V N,VBP N
1369,V N,V N,V N,VBP N
1370,V NM NPL,V NM N,V NM N,VBP NM NPL
1371,V NM NPL,V NM N,V NM N,VBP NM NPL
1372,V NM,V N,V V,VBZ VBN
1373,NM NM,V N,N V,VBD VBN
1374,V N,V N,V N,VBP N
1375,V N,V N,V N,VBZ N
1376,V N,V N,V N,VBP N
1377,V N,V N,V N,VBP N
1378,V V,V N,V N,VBP VM
1379,V,V,V,VBP
1380,V,V,V,VBP
1381,V NM N,V NM N,V N N,VBP N N
1382,V N,V N,V N,VBP N
1383,V N,V N,V N,VBP VBG
1384,V NM,V N,V NM,VBZ NM
1385,V NM N,V NM N,V N N,VBP N N
1386,V NM N,V NM N,V N N,VBP N N
1387,NM P NM N,NM NM NM N,N P N N,N P N N
1388,N P N,FAILURE FAILURE FAILURE,V P N,N P N
1389,N,N,N,N
1390,V N,V N,V N,VBP N
1391,V,V,V,VBP
1392,V NM N,V NM N,V N N,VBP N N
1393,V N,V N,V N,VBP N
1394,V N P N,V N P N,V N P N,VBP N P N
1395,V NM N,V NM N,V N N,VBP N N
1396,V NM N,V NM N,V N N,VBP N N
1397,V NM N,V NM N,V N N,VBP N N
1398,V NM N,V NM N,V N N,VBP N N
1399,V NM N,V NM N,V N N,VBP N N
1400,V NM N,V NM N,V N N,VBP N N
1401,P NPL,P N,P N,P NPL
1402,P N,P N,P N,P N
1403,P NPL,P N,P N,P NPL
1404,P N,P N,P N,P N
1405,P N,P N,P N,P N
1406,P N,P N,P N,P N
1407,P N,P N,P N,P N
1408,NM N,NM N,NM N,NM N
1409,NM NM N,NM NM N,NM N V,NM N N
1410,P N,P N,P N,P N
1411,NM NM NM N,NM NM NM N,NM N N N,NM N N N
1412,V N,V N,V N,VBP N
1413,NPL N,NM N,N V,NPL VBZ
1414,NPL NM N,NM NM N,N N V,NPL N N
1415,NM NM N,NM NM N,N N V,VBD N N
1416,NM N,NM N,N V,N VBZ
1417,NM N,NM N,N V,N VBZ
1418,V N,V N,V N,VBP N
1419,V N,V N,V N,VBP N
1420,NM N,NM N,N N,N N
1421,V NM N,V NM N,V N N,VBP N N
1422,V N,V V,V N,VBP N
1423,V N,V N,V N,VBP N
1424,V N,V N,V N,VBP N
1425,V N N,V DT N,V P N,VBP N N
1426,V NM NPL,V NM N,V NM N,VBP VBN NPL
1427,V NM NPL,V NM N,V NM N,VBP NM NPL
1428,V NM N,V NM N,V NM N,VBP N N
1429,NM NM N,NM NM N,N N V,N N N
1430,NM NM N,NM NM N,N N V,N N N
1431,V N P N,V N P N,V N P N,VBP N P V
1432,V NM N,V NM N,V NM N,VBP N N
1433,V NPL P NPL,V N P N,V N P N,VBP NPL P NPL
1434,V NM N,V NM N,V N N,VBP N N
1435,V NM NPL,V NM N,V N N,VBP VBN NPL
1436,V V NM N,V NM NM N,FAILURE FAILURE FAILURE FAILURE,VBP VM N N
1437,V N P NM N,V N P NM N,V N P N N,VBP N P N N
1438,V N V NM N,V N P NM N,V N P N N,VBP N N N N
1439,NM N,V N,V N,N N
1440,V N N,V NM N,V V N,VBZ N N
1441,V NM N,V NM N,V N N,VBP N N
1442,V NPL P NM N,V N P NM N,V N P N N,VBP NPL P N N
1443,V N,V N,V N,VBP N
1444,V N,V N,V N,VBP N
1445,V N,V N,V N,VBD N
1446,V NM NM NPL,V NM NM N,FAILURE FAILURE FAILURE FAILURE,VBD N N NPL
1447,V NM NM NPL,V NM NM N,FAILURE FAILURE FAILURE FAILURE,VBP N N NPL
1448,V NM NM N,V NM NM N,V N N N,VBP N N N
1449,V NM NM N,V NM NM N,V N N N,VBD N N N
1450,V N,V N,V N,VBP N
1451,V NM N,V NM N,V N N,VBP N N
1452,V NM N,V NM N,V N N,VBP N N
1453,V V,V V,V V,V V
1454,V NM N,V NM N,V N N,VBP V V
1455,V NM N,V NM N,V NM N,VBZ N N
1456,V NPL,V N,V N,VBP NPL
1457,V NM NPL,V NM N,V NM N,VBP NM NPL
1458,P NM N,NM NM N,P N N,P N N
1459,P NM NM N,NM NM NM N,P N N N,P N N N
1460,P NM NM N,NM NM NM N,P N N N,P N N N
1461,P NM NM N,NM NM NM N,P N N N,P N N N
1462,V NM N,V NM N,V N N,VBP N N
1463,V N,V N,V N,VBP N
1464,V NM N,V NM N,V N N,VBP N N
1465,V NM NM NM NPL,V NM NM NM N,V NM NM N N,VBP VBN NM N NPL
1466,V NM NM NM NPL,V NM NM NM N,V NM NM N N,VBP NM NM N NPL
1467,V NM NM NM NPL,V NM NM NM N,V NM NM N N,VBP VBN NM N NPL
1468,V NM NM NM NPL,V NM NM NM N,V NM NM N N,VBP NM NM N NPL
1469,V NM N,V NM N,V NM N,VBP N N
1470,V NM NPL,V NM N,V N N,VBP VBN NPL
1471,V NM NPL,V NM N,V NM N,VBP NM NPL
1472,V NM NPL,V NM N,V NM N,VBP NM NPL
1473,V NM N,V NM N,V NM N,VBP N N
1474,V NM N,V NM N,V NM N,VBP N N
1475,V NM N,V NM N,V NM N,VBP N N
1476,V NM N,V NM N,V NM N,VBP N N
1477,V NM,V N,V NM,VBZ NM
1478,V NM N,V NM N,V N N,VBP N N
1479,V N,V N,V N,VBP N
1480,V NM N,V NM N,V N N,VBP N N
1481,V NM N,V NM N,V N N,VBP N N
1482,V NM N,V NM N,V N N,VBP NM N
1483,NM P N,FAILURE FAILURE FAILURE,V P N,VBP P N
1484,NM P NM NM DT NM N,FAILURE FAILURE FAILURE FAILURE FAILURE FAILURE FAILURE,V P N N NM N N,VBP P N N N N N
1485,V N V,NM N P,V N V,VBP N VBD
1486,N V,N P,N V,N VBD
1487,N V,N P,N V,N VBD
1488,N V,N P,N V,VBP VBN
1489,N V,N P,N V,VBP VBN
1490,N V,N P,N V,VBP VBN
1491,N V,N P,N V,N VBD
1492,N V,N P,N V,N N
1493,N V,N P,N V,VBP VBN
1494,N V,N P,N V,VBP VBN
1495,N V,N P,N V,N VBD
1496,N V,N P,N V,N VBD
1497,N V,N P,N V,N VBD
1498,N V,N P,N V,N VBD
1499,NM N V,NM N P,NM N V,VBD N VBD
1500,NM N V,NM N P,NM N V,VBD N N
1501,NM N V,NM N P,NM N V,VBD N N
1502,V,V,V,VBP
1503,V NM N,V NM N,V NM N,VBP N N
1504,V NM NM N,V NM NM N,V NM N N,VBP NM NM N
1505,V NPL,V N,V N,VBP NPL
1506,V NM NPL,V NM N,V N N,VBP N NPL
1507,V NM NPL,V NM N,V N N,VBP N NPL
1508,V NM NM N,V NM NM N,V N N N,VBP N N N
1509,V N,V N,V N,VBZ N
1510,V N P,V N NM,V N P,VBP V P
1511,V NM N,V NM N,V N N,VBP N N
1512,V NM N,V NM N,V N N,VBZ N N
1513,V NM NPL,V NM N,V NM N,VBP NM NPL
1514,V NM NPL,V NM N,V NM N,VBP NM NPL
1515,V NM N,V NM N,V N N,VBP N N
1516,V NM N,V NM N,V N N,VBP NM N
1517,V NM NM NPL,V NM NM N,V N N N,VBD N N NPL
1518,V NM NM N,V NM NM N,V N N N,VBD N N N
1519,V NM NPL,V NM N,V NM N,VBP NM NPL
1520,V NM N,V NM N,V N N,VBP N N
1521,V NM N,V NM N,V N N,VBP N N
1522,V NM NPL,V NM N,V N N,VBZ N NPL
1523,V DT NM NPL,V DT NM N,V NM N N,VBZ DT N NPL
1524,V NM NM N,V NM NM N,V NM N N,VBP N N N
1525,V NM,V N,V NM,VBZ NM
1526,V NM N,V NM N,V NM N,VBP N N
1527,V NM NPL,V NM N,V N N,VBP N NPL
1528,V NPL,V N,V N,VBP NPL
1529,V NM NM N,V NM NM N,V NM N N,VBD N N N
1530,V NM NPL,V NM N,V N N,VBD N NPL
1531,V NM NPL,V NM N,V N N,VBD N NPL
1532,V NM NM N,V NM NM N,V N N N,VBD N N N
1533,V NM NPL,V NM N,V NM N,VBP NM NPL
1534,V NM NPL,V NM N,V N N,VBD VBN NPL
1535,V N,V N,V N,VBP V
1536,V N P,V N P,V N P,VBD N P
1537,V NM N,V NM N,V N N,VBP N N
1538,V NM N,V NM N,V NM N,VBP NM N
1539,V NM N,V NM N,V NM N,VBP NM N
1540,V NM NPL,V NM N,V NM N,VBP NM NPL
1541,V NM NPL,V NM N,V NM N,VBP NM NPL
1542,V NM N,V NM N,V N N,VBD N N
1543,V N,V N,V N,VBP N
1544,V NM N,V NM N,V N N,VBP N N
1545,V NM N,V NM N,V NM N,VBD N N
1546,V NM N,V NM N,V N N,VBD N N
1547,V NM N,V NM N,V N N,VBD N N
1548,V NM NPL,V NM N,V N N,VBP N NPL
1549,V DT NM NPL,V DT NM N,V NM N N,VBD DT N NPL
1550,V NM NM N,V NM NM N,V NM N N,VBD N N N
1551,V N,V N,V N,VBP N
1552,V N,V N,V N,VBP N
1553,V N,V N,V N,VBP N
1554,V NPL,V N,V N,VBD NPL
1555,V NM N,V NM N,V N N,VBP N N
1556,V NM NPL,V NM N,V N N,VBP N NPL
1557,V NM,V N,V NM,VBP NM
1558,V NM NM,V NM N,V N NM,VBZ N NM
1559,V NM N,V NM N,V N N,VBP N NM
1560,V NM NPL N,V NM NM N,V N N N,VBP N NPL VBP
1561,V NM NPL N,V NM NM N,V N N N,VBP N NPL VBP
1562,V NM NM N,V NM NM N,V NM N N,VBP N N N
1563,V NM NM N,V NM NM N,V NM N N,VBD N N N
1564,V NM NPL N,V NM NM N,V N N N,VBP N NPL VBP
1565,V NM NPL N,V NM NM N,V N N N,VBP N NPL VBP
1566,V NM NM N,V NM NM N,V NM N N,VBP N N N
1567,V NM NM N,V NM NM N,V NM N N,VBD N N N
1568,V NM N,V NM N,V NM N,VBP N N
1569,V NM NM N,V NM NM N,V N N N,VBP N N N
1570,V NM NM NPL,V NM NM N,V N N N,VBP N N NPL
1571,V NM NM N,V NM NM N,V N N N,VBP N N N
1572,V N,V N,V N,VBP N
1573,V NM N,V NM N,V N N,VBP N N
1574,V NM N,V NM N,V N N,VBD N N
1575,V NM N,V NM N,V N N,VBP N N
1576,V NM N,V NM N,V N N,VBD N N
1577,V N P N,V N P N,V N P N,VBD N P N
1578,V N P N,V N P N,V N P N,VBP N P N
1579,V NM N,V NM N,V N N,VBP N N
1580,V NM N,V NM N,V N N,VBD N N
1581,V NM NM N,V NM NM N,V N N N,VBZ N N N
1582,V NM NM N,V NM NM N,V N N N,VBD N N N
1583,V NM VM N,V NM DT N,FAILURE FAILURE FAILURE FAILURE,VBZ N VM VBN
1584,V NM VM N,V NM DT N,FAILURE FAILURE FAILURE FAILURE,VBP N VM VBN
1585,V NM NM NM N,V NM NM NM N,V N N NM N,VBZ N N N N
1586,V NM NM NM N,V NM NM NM N,V N N NM N,VBP N N N N
1587,V NM N,V NM N,V N N,VBD N N
1588,V NM N,V NM N,V N N,VBP N N
1589,V NPL,V N,V N,VBP NPL
1590,V NPL,V N,V N,VBD NPL
1591,V NM NM NM N,V NM NM NM N,V N N N N,VBD N N N N
1592,V NM NM NM N,V NM NM NM N,V N N N N,VBP N N N N
1593,V NM NM N,V NM NM N,V N N N,VBD N N N
1594,V NM NM N,V NM NM N,V N N N,VBP N N N
1595,V N,V N,V N,VBP N
1596,V,V,V,VBP
1597,V NM N,V NM N,V N N,VBP N N
1598,V,V,V,VBP
1599,NM,V,V,N
1600,N,N,N,N
1601,NM NM N,V NM N,NM NM N,VBD N N
1602,V NM NPL,V NM N,V N N,VBP VBN NPL
